"imei","distributor_code","distributor_name","account_profile_class","product_name","product_code","data_subscription_amount","invoice_date","source","first_activation_date","tbl_dt","actual_completion_date","mon_period"
"8609450634718255","19657",WADHINO GLOBAL BUSINESS LTD,DATA PARTNERS,"ZTE,MF935,MF935,4G,MIFI,MF935,ROUTER TRADE","1212360",0.0,"2024-03-20",ORSC,"20260127 00:34:25",,,"202602"
"8611410721422855","74054",Imbil Telecom Solutions Nig Ltd,FIXED BROADBAND,"TOZED,MIFI,4G,ZLT M30S,MODEM,ROUMOD1491,MODEM TRADE","1186254",2227.66,"2025-01-10",ORSC,"20260227 18:46:20",,,"202602"
"8682940752714555","98053",Kaysmos Logistics Network Ltd,FIXED BROADBAND,"TOZED,ROUMOD4390,ROUMOD4390,4G CPE WITH UPS,MODEM,ROUMOD4390,ROUTER TRADE","1283280",3000.0,"2026-01-16",ORSC,"20260121 19:24:25",,,"202602"
"8602320589592455","68028",Xii Energy and Resources Ltd,ENTERPRISE BUSINESS,"TOZED,MIFI,4G,ZLT M30S,MODEM,ROUMOD1491,MODEM TRADE","1186254",4000.0,"2024-10-07",ORSC,"20260220 10:33:46",,,"202602"
"8604910529157155","19502",Novel Telecoms Ltd,DATA PARTNERS,"ZLT,ROUWIR2440,ROUWIR2440,S20 4G CAT 4 WITH A PAIR OF RABBIT-EAR ANTENNAS,WIRELESS,ROUWIR2440,ROUTER TRADE","1212397",20560.0,"2023-05-22",ORSC,"20260227 14:37:54",,,"202602"
"8611410724188855","95039",Alyusrah Investment Nigeria Ltd,FIXED BROADBAND,"TOZED,MIFI,4G,ZLT M30S,MODEM,ROUMOD1491,MODEM TRADE","1186254",0.0,"2025-02-07",ORSC,"20260207 17:45:38",,,"202602"
"8609450626894755","74049",Ramson International Communication And Trade Ltd,ENTERPRISE BUSINESS,"ZTE,MF935,MF935,4G,MIFI,MF935,ROUTER TRADE","1212360",16856.53,"2024-01-05",ORSC,"20260227 15:20:30",,,"202602"
"8602320564286255","19386",Seaman Ventures Nigeria Ltd,DEALER,"TOZED,MIFI,4G,ZLT M30S,MODEM,ROUMOD1491,MODEM TRADE","1186254",16790.0,"2024-03-06",ORSC,"20260110 08:37:15",,,"202602"
"8696010508902400","19410",Successgate Communications Ltd,DATA PARTNERS,"ZLT X20 5G,MODMOD2132,MODMOD2132,CPE WITH QUALCOMM CHIPSET WITHMINI UPS,MODEM,MODMOD2132,MODEM TRADE","1207941",0.0,"2023-12-19",ORSC,"20260106 23:19:40",,,"202602"
"8663430618962706","20031",Point Technologies Ltd,DATA PARTNERS,"ZTE,MF293N CAT4,MF293N CAT4,4G , CAT 4 , INDOOR CPE,WIRELESS,MF293N CAT4,ROUTER TRADE","1212364",48000.0,"2023-09-11",ORSC,"20260205 13:16:51",,,"202602"
"8611410719367555","19686",,CONNECT STORES,"TOZED,MIFI,4G,ZLT M30S,MODEM,ROUMOD1491,MODEM TRADE","1186254",0.0,"2025-01-21",ORSC,"20260225 19:39:45",,,"202602"
"8611410722680155","95037",Unbeatable Communications Ltd,FIXED BROADBAND,"TOZED,MIFI,4G,ZLT M30S,MODEM,ROUMOD1491,MODEM TRADE","1186254",0.0,"2025-01-21",ORSC,"20260226 21:12:43",,,"202602"
"8602320575749655","88031",Emnet Communication Nig Ltd,FIXED BROADBAND,"TOZED,MIFI,4G,ZLT M30S,MODEM,ROUMOD1491,MODEM TRADE","1186254",990.0,"2024-05-06",ORSC,"20260210 13:10:20",,,"202602"
"8646650720006504","97095",J5 World Ventures Ltd,FIXED BROADBAND,"ZTE,INDOOR,4G,CAT4 CPE,WIRELESS,K10,ROUTER TRADE","1229866",100.0,"2025-01-28",ORSC,"20260202 16:15:54",,,"202602"
"8672090804527255","19477",,CONNECT STORES,"ZTE,MF935,MF935,4G,MIFI,MF935,ROUTER TRADE","1212360",5000.0,"2025-11-27",ORSC,"20260219 14:27:31",,,"202602"
"8609450611220555","19484",N. U. Nefnet Ict. Global Ltd,DATA PARTNERS,"ZTE,MF935,MF935,4G,MIFI,MF935,ROUTER TRADE","1212360",0.0,"2023-08-25",ORSC,"20251126 07:10:58",,,"202602"
"8624440704711500","148031",Barcutt Investment Ltd,CONNECT STORES,"HUAWEI,ROUWIR4302,ROUWIR4302,4G CAT4 CPE B313-322WITH UPS,WIRELESS,ROUWIR4302,ROUTER TRADE","1234615",0.0,"2025-08-13",ORSC,"20251212 09:23:20",,,"202602"
"8602320564778055","19923",Grand Towers Communications Ltd,CONNECT STORES,"TOZED,MIFI,4G,ZLT M30S,MODEM,ROUMOD1491,MODEM TRADE","1186254",0.0,"2024-03-20",ORSC,"20251217 07:53:51",,,"202602"
"8612230311806255","206053",Olumajek IT Continental Ltd,ENTERPRISE BUSINESS,"ASIATELCO,ROUMOD4329,ROUMOD4329,N873 4G CAT4 LED MIFI, 2100MAH,MODEM,ROUMOD4329,ROUTER TRADE","1236645",7650.0,"2025-05-22",ORSC,"20260129 23:02:46",,,"202602"
"8646650712966404","19810",,CONNECT STORES,"ZTE,INDOOR,4G,CAT4 CPE,WIRELESS,K10,ROUTER TRADE","1229866",14500.0,"2025-01-03",ORSC,"20251220 06:39:54",,,"202602"
"8646650775147504","294071",Gadeen Plus Communication Ltd,FIXED BROADBAND,"ZTE,ROUMOD4391,ROUMOD4391,4G CPE WITH UPS,MODEM,ROUMOD4391,ROUTER TRADE","1283281",0.0,"2025-09-17",ORSC,"20251229 08:37:49",,,"202602"
"8609450676122855","74049",Ramson International Communication And Trade Ltd,ENTERPRISE BUSINESS,"ZTE,MF935,MF935,4G,MIFI,MF935,ROUTER TRADE","1212360",100.0,"2024-12-13",ORSC,"20251026 09:33:16",,,"202602"
"8612230309834855","19559",Ug Systems Ltd,DATA PARTNERS,"ASIATELCO,ROUMOD4329,ROUMOD4329,N873 4G CAT4 LED MIFI, 2100MAH,MODEM,ROUMOD4329,ROUTER TRADE","1236645",0.0,"2025-05-31",ORSC,"20250905 11:38:37",,,"202602"
"8609450617615555","19713",Cockpit Global Resources,DATA PARTNERS,"ZTE,MF935,MF935,4G,MIFI,MF935,ROUTER TRADE","1212360",3600.0,"2023-11-14",ORSC,"20260125 17:38:41",,,"202602"
"8672090806302855","19555",,CONNECT STORES,"ZTE,MF935,MF935,4G,MIFI,MF935,ROUTER TRADE","1212360",36000.0,"2025-11-26",ORSC,"20251210 08:58:07",,,"202602"
"8672090807781755","367077",Zonak Crispen Projects Ltd,,"ZTE,MF935,MF935,4G,MIFI,MF935,ROUTER TRADE","1212360",17465.0,"2025-09-15",ORSC,"20260227 20:04:10",,,"202602"
"8609450686437355","294071",Gadeen Plus Communication Ltd,FIXED BROADBAND,"ZTE,MF935,MF935,4G,MIFI,MF935,ROUTER TRADE","1212360",7000.0,"2025-04-08",ORSC,"20260208 19:08:27",,,"202602"
"8611410727356455","265053",Behassan Communication Ltd,FIXED BROADBAND,"TOZED,MIFI,4G,ZLT M30S,MODEM,ROUMOD1491,MODEM TRADE","1186254",0.0,"2025-02-10",ORSC,"20260223 11:13:09",,,"202602"
"8611410732815955","353061",Precious Nigeria Ltd,,"TOZED,MIFI,4G,ZLT M30S,MODEM,ROUMOD1491,MODEM TRADE","1186254",6005.0,"2025-02-07",ORSC,"20260220 19:30:57",,,"202602"
"8612230307260455","78074",Lifthum Global Company Ltd,FIXED BROADBAND,"ASIATELCO,ROUMOD4329,ROUMOD4329,N873 4G CAT4 LED MIFI, 2100MAH,MODEM,ROUMOD4329,ROUTER TRADE","1236645",0.0,"2025-04-07",ORSC,"20260223 10:30:41",,,"202602"
"8609450686750955","333070",G.A. Dodoji Nig Ltd,PENTAGON,"ZTE,MF935,MF935,4G,MIFI,MF935,ROUTER TRADE","1212360",800.0,"2025-03-10",ORSC,"20260109 15:00:23",,,"202602"
"8611410731929655","19687",,CONNECT STORES,"TOZED,MIFI,4G,ZLT M30S,MODEM,ROUMOD1491,MODEM TRADE","1186254",0.0,"2025-02-21",ORSC,"20260121 21:52:24",,,"202602"
"8693380705577304","19948",El-Ruson Network Services Ltd,DATA PARTNERS,"ZTE,ROUMOD4394,ROUMOD4394,5G CPE WITH UPS,MODEM,ROUMOD4394,ROUTER TRADE","1283283",14500.0,"2025-08-26",ORSC,"20260207 13:54:44",,,"202602"
"8637030578248155","19492",Newcore Telecoms Ltd,CONNECT STORES,"ZTE,MTNMOBILEWIRELESSWIFI,2G/3G/4G,PORTABLE WIFI HOTSPOT, INTERNET MODEM,WIRELESS,MF927U,MODEM TRADE","1059084",200.0,"2022-06-24",ORSC,"20251009 10:15:02",,,"202602"
"8672090803199955","19505",Tc Topaz Nigeria Ltd,DATA PARTNERS,"ZTE,MF935,MF935,4G,MIFI,MF935,ROUTER TRADE","1212360",1000.0,"2025-08-18",ORSC,"20260102 16:22:48",,,"202602"
"8604910552622855","19646",Betowan Nigeria Ltd,DEALER,"ZLT,ROUWIR2440,ROUWIR2440,S20 4G CAT 4 WITH A PAIR OF RABBIT-EAR ANTENNAS,WIRELESS,ROUWIR2440,ROUTER TRADE","1212397",0.0,"2023-10-30",ORSC,"20250907 12:27:33",,,"202602"
"8672090804797155","213043",Brymeder Concepts Ltd,ENTERPRISE BUSINESS,"ZTE,MF935,MF935,4G,MIFI,MF935,ROUTER TRADE","1212360",7910.0,"2025-08-27",ORSC,"20251211 17:42:53",,,"202602"
"8679090701259601","19792",Apple Tree Nig Ltd - Ikeja,DEALER,"TOZED,ROUMOD4393,ROUMOD4393,5G CPE WITH UPS,MODEM,ROUMOD4393,ROUTER TRADE","1283282",42320.0,"2025-06-27",ORSC,"20251216 21:01:03",,,"202602"
"8623780604759101","107037",Rightnet System Ltd,FIXED BROADBAND,"TOZED,MODWIR4342,MODWIR4342,5G CPE WIFI 6 AX1800 WITH UPS50,WIRELESS,MODWIR4342,MODEM TRADE","1280129",20500.0,"2025-03-26",ORSC,"20260106 11:22:06",,,"202602"
"8646650712819204","265054",Olumajek IT Continental Ltd,FIXED BROADBAND,"ZTE,INDOOR,4G,CAT4 CPE,WIRELESS,K10,ROUTER TRADE","1229866",5000.0,"2024-12-11",ORSC,"20260208 20:47:34",,,"202602"
"8678730700887706","110035",Corporate Extension Services Ltd,FIXED BROADBAND,"TOZED,ROUWIR4301,ROUWIR4301,ZLT X25 MAX 5G WIRELESS ROUTER WITH UPS,WIRELESS,ROUWIR4301,ROUTER TRADE","1234614",37800.0,"2024-09-30",ORSC,"20251226 15:39:41",,,"202602"
"8602320573976755","19895",Fantel Technologies Ltd,CONNECT STORES,"TOZED,MIFI,4G,ZLT M30S,MODEM,ROUMOD1491,MODEM TRADE","1186254",9965.0,"2024-03-14",ORSC,"20260226 12:28:49",,,"202602"
"8611410713680955","90031",Ori Communications Ltd,FIXED BROADBAND,"TOZED,MIFI,4G,ZLT M30S,MODEM,ROUMOD1491,MODEM TRADE","1186254",0.0,"2025-01-20",ORSC,"20260220 20:32:53",,,"202602"
"8609450621986955","98053",Kaysmos Logistics Network Ltd,FIXED BROADBAND,"ZTE,MF935,MF935,4G,MIFI,MF935,ROUTER TRADE","1212360",6460.0,"2023-11-06",ORSC,"20251208 05:33:44",,,"202602"
"8611410722258355","19577",,CONNECT STORES,"TOZED,MIFI,4G,ZLT M30S,MODEM,ROUMOD1491,MODEM TRADE","1186254",6000.0,"2025-01-24",ORSC,"20260202 10:47:54",,,"202602"
"3523081018217201","19590",Mastas Technologies Nigeria Ltd,DATA PARTNERS,"ITEL,ITELA23PHONE,ITELA23PHONE,ITEL A23 ANDROID SMART PHONE,SMART PHONE,ITELA23PHONE,DEVICE MOBILE","1164366",2000.0,"2022-03-21",ORSC,"20260121 10:25:59",,,"202602"
"8609450628917555","74052",Thrixes Technologies Ltd,FIXED BROADBAND,"ZTE,MF935,MF935,4G,MIFI,MF935,ROUTER TRADE","1212360",1990.0,"2023-12-18",ORSC,"20251211 12:01:05",,,"202602"
"8611410732168355","21276",Nestobar Nigeria Ltd,ENTERPRISE BUSINESS,"TOZED,MIFI,4G,ZLT M30S,MODEM,ROUMOD1491,MODEM TRADE","1186254",1980.0,"2025-02-28",ORSC,"20251230 17:52:57",,,"202602"
"8646650709585904","90032",Meridek Resources International Ltd,FIXED BROADBAND,"ZTE,INDOOR,4G,CAT4 CPE,WIRELESS,K10,ROUTER TRADE","1229866",0.0,"2024-11-12",ORSC,"20260107 21:10:55",,,"202602"
"8602320576853055","97095",J5 World Ventures Ltd,FIXED BROADBAND,"TOZED,MIFI,4G,ZLT M30S,MODEM,ROUMOD1491,MODEM TRADE","1186254",0.0,"2024-04-17",ORSC,"20260216 22:13:30",,,"202602"
"8609450675016955","121038",CCA Links Ltd,FIXED BROADBAND,"ZTE,MF935,MF935,4G,MIFI,MF935,ROUTER TRADE","1212360",0.0,"2024-12-23",ORSC,"20260127 11:14:20",,,"202602"
"8609450632279055","19796",Assotel Connect Ltd,CONNECT STORES,"ZTE,MF935,MF935,4G,MIFI,MF935,ROUTER TRADE","1212360",3300.0,"2024-03-25",ORSC,"20260213 22:59:07",,,"202602"
"8609450682947155","19958",,CONNECT STORES,"ZTE,MF935,MF935,4G,MIFI,MF935,ROUTER TRADE","1212360",18000.0,"2025-03-25",ORSC,"20251101 20:27:36",,,"202602"
"8611410719086055","19915",Goslash Nigeria Ltd,DATA PARTNERS,"TOZED,MIFI,4G,ZLT M30S,MODEM,ROUMOD1491,MODEM TRADE","1186254",4700.0,"2025-01-20",ORSC,"20260112 12:10:52",,,"202602"
"8611410711987155","311068",A and Z Standard Vision Ltd,FIXED BROADBAND,"TOZED,MIFI,4G,ZLT M30S,MODEM,ROUMOD1491,MODEM TRADE","1186254",0.0,"2025-01-28",ORSC,"20250903 12:13:32",,,"202602"
"8609450675071855","350068",Zonak Crispen Projects Ltd,,"ZTE,MF935,MF935,4G,MIFI,MF935,ROUTER TRADE","1212360",0.0,"2024-12-19",ORSC,"20260115 10:38:56",,,"202602"
"8611410715469855","19716",Continental Computers Ltd,DATA PARTNERS,"TOZED,MIFI,4G,ZLT M30S,MODEM,ROUMOD1491,MODEM TRADE","1186254",0.0,"2024-11-14",ORSC,"20260222 15:16:28",,,"202602"
"8692900509562701","19598",Odl Telecommunications Ltd,CONNECT STORES,"ZTE,MF286C,MF286C,4G CAT6 PREMIUM OFFICE (2RJ11+4RJ45) CPE 4X4 MIMO,WIRELESS,MF286C,ROUTER TRADE","1166612",0.0,"2022-07-06",ORSC,"20251107 19:10:43",,,"202602"
"8611410733204555","349067",Grace and Glory Telecoms Ltd,PENTAGON,"TOZED,MIFI,4G,ZLT M30S,MODEM,ROUMOD1491,MODEM TRADE","1186254",55000.0,"2025-03-08",ORSC,"20260107 17:01:12",,,"202602"
"8672090813409155","19327",Blue Pyramid Ltd,DATA PARTNERS,"ZTE,MF935,MF935,4G,MIFI,MF935,ROUTER TRADE","1212360",19800.0,"2025-09-11",ORSC,"20260105 17:22:58",,,"202602"
"8611410730623455","296065",CCA Links Ltd,ENTERPRISE BUSINESS,"TOZED,MIFI,4G,ZLT M30S,MODEM,ROUMOD1491,MODEM TRADE","1186254",19925.0,"2025-02-10",ORSC,"20260216 09:32:28",,,"202602"
"8637030559040201","19692",Cheeah Ltd,DATA PARTNERS,"ZTE,MTNMOBILEWIRELESSWIFI,2G/3G/4G,PORTABLE WIFI HOTSPOT, INTERNET MODEM,WIRELESS,MF927U,MODEM TRADE","1059084",1769.5000000000005,"2022-03-07",ORSC,"20260226 08:06:38",,,"202602"
"8646650709419804","19517",Raims Communications Ltd,DATA PARTNERS,"ZTE,INDOOR,4G,CAT4 CPE,WIRELESS,K10,ROUTER TRADE","1229866",2385.0,"2024-11-13",ORSC,"20260223 20:21:58",,,"202602"
"8672090801363455","332069",Pasdavis Integrated Ventures Ltd,,"ZTE,MF935,MF935,4G,MIFI,MF935,ROUTER TRADE","1212360",0.0,"2025-08-19",ORSC,"20260125 00:15:01",,,"202602"
"8602320505859555","19394",Speakeezee Connect Ltd,CONNECT STORES,"TOZED,MIFI,4G,ZLT M30S,MODEM,ROUMOD1491,MODEM TRADE","1186254",24500.0,"2022-08-03",ORSC,"20251010 15:40:05",,,"202602"
"8682940743560255","349076",Ijpersley Integrated Services Ltd,PENTAGON,"TOZED,ROUMOD4390,ROUMOD4390,4G CPE WITH UPS,MODEM,ROUMOD4390,ROUTER TRADE","1283280",14500.0,"2025-09-23",ORSC,"20251020 15:26:27",,,"202602"
"8609450613495655","19345",,CONNECT STORES,"ZTE,MF935,MF935,4G,MIFI,MF935,ROUTER TRADE","1212360",9910.0,"2023-09-04",ORSC,"20260113 22:08:17",,,"202602"
"8699900613560901","19389",Something Else Multilinks And Accessories Ltd,DATA PARTNERS,"ZTE,ZTE MC888D 5G CPE,ZTE MC888D 5G CPE,DEVICE,ROUTER,ZTE MC888D 5G CPE,ROUTER TRADE","1229477",1200.0,"2025-05-30",ORSC,"20260214 22:01:31",,,"202602"
"8604910529781855","19782",Alennsar Infinity Company Nig Ltd,DEALER,"ZLT,ROUWIR2440,ROUWIR2440,S20 4G CAT 4 WITH A PAIR OF RABBIT-EAR ANTENNAS,WIRELESS,ROUWIR2440,ROUTER TRADE","1212397",0.0,"2023-05-09",ORSC,"20260117 19:26:58",,,"202602"
"8609450631830855","88031",Emnet Communication Nig Ltd,FIXED BROADBAND,"ZTE,MF935,MF935,4G,MIFI,MF935,ROUTER TRADE","1212360",2000.0,"2024-03-22",ORSC,"20251002 17:39:08",,,"202602"
"8696010505577600","121038",CCA Links Ltd,FIXED BROADBAND,"ZLT X20 5G,MODMOD2132,MODMOD2132,CPE WITH QUALCOMM CHIPSET WITHMINI UPS,MODEM,MODMOD2132,MODEM TRADE","1207941",0.0,"2023-09-12",ORSC,"20260122 01:25:11",,,"202602"
"8611410730579755","98052",Movil Telecom Ltd,FIXED BROADBAND,"TOZED,MIFI,4G,ZLT M30S,MODEM,ROUMOD1491,MODEM TRADE","1186254",200.0,"2025-02-09",ORSC,"20260205 22:53:52",,,"202602"
"8682940745173955","19392",,CONNECT STORES,"TOZED,ROUMOD4390,ROUMOD4390,4G CPE WITH UPS,MODEM,ROUMOD4390,ROUTER TRADE","1283280",12000.0,"2025-09-19",ORSC,"20251011 14:15:21",,,"202602"
"8609450685802155","19554",Tunnet Ventures Ltd,DATA PARTNERS,"ZTE,MF935,MF935,4G,MIFI,MF935,ROUTER TRADE","1212360",23500.0,"2025-02-05",ORSC,"20260211 03:28:42",,,"202602"
"8602320537705855","19424",Hamaz Communication Ltd,DATA PARTNERS,"TOZED,MIFI,4G,ZLT M30S,MODEM,ROUMOD1491,MODEM TRADE","1186254",0.0,"2023-03-29",ORSC,"20260227 16:00:27",,,"202602"
"8626240514961001","19472",Z Standard Vision Ltd,DATA PARTNERS,"4G CAT 6,CAT 6,4G,WITH WIRELESS EXTERNAL ANTENNA, VOICE FUNCTION, WITH 5000MAH MINI UPS,MODEM,4G CAT 6,ROUTER TRADE","1204592",0.0,"2023-04-06",ORSC,"20260214 19:09:50",,,"202602"
"8602320538722655","19809",Bajeiid Communications Ltd,DATA PARTNERS,"TOZED,MIFI,4G,ZLT M30S,MODEM,ROUMOD1491,MODEM TRADE","1186254",0.0,"2023-05-23",ORSC,"20260225 22:21:37",,,"202602"
"8646650773122304","337088",Dispro Nigeria Ltd,PENTAGON,"ZTE,ROUMOD4391,ROUMOD4391,4G CPE WITH UPS,MODEM,ROUMOD4391,ROUTER TRADE","1283281",4300.0,"2026-01-16",ORSC,"20260204 14:55:53",,,"202602"
"8604910552719555","78073",Aerizo Network Ltd,FIXED BROADBAND,"ZLT,ROUWIR2440,ROUWIR2440,S20 4G CAT 4 WITH A PAIR OF RABBIT-EAR ANTENNAS,WIRELESS,ROUWIR2440,ROUTER TRADE","1212397",0.0,"2024-01-16",ORSC,"20260205 11:38:02",,,"202602"
"8628520705950955","19427",Home Croft Ltd,CONNECT STORES,"GENERAL,ROUWIR4260,ROUWIR4260,TOZED ZLT T30D 4G CAT 4 WIRELESS ROUTER,WIRELESS,ROUWIR4260,ROUTER TRADE","1231872",24000.0,"2024-10-26",ORSC,"20260203 20:05:15",,,"202602"
"8672090812456255","19735",Damiano Phone World Ltd,DATA PARTNERS,"ZTE,MF935,MF935,4G,MIFI,MF935,ROUTER TRADE","1212360",19650.0,"2025-08-18",ORSC,"20260202 19:15:36",,,"202602"
"8646650774773604","400090",KC Telecomms and Tech Solutions Ltd,,"ZTE,ROUMOD4391,ROUMOD4391,4G CPE WITH UPS,MODEM,ROUMOD4391,ROUTER TRADE","1283281",2000.0,"2026-01-17",ORSC,"20260211 20:16:44",,,"202602"
"8663430622099755","223046",Lyte Global Projects Ltd,FIXED BROADBAND,"ZTE,MF293N CAT4,MF293N CAT4,4G , CAT 4 , INDOOR CPE,WIRELESS,MF293N CAT4,ROUTER TRADE","1212364",0.0,"2023-11-07",ORSC,"20251012 07:59:36",,,"202602"
"8672090804475655","19504",Obejor And Obejor Resources Ltd,DATA PARTNERS,"ZTE,MF935,MF935,4G,MIFI,MF935,ROUTER TRADE","1212360",1485.0,"2025-09-25",ORSC,"20260204 18:00:03",,,"202602"
"8646650712885604","19951",Gladsam Ventures Nigeria Ltd,DATA PARTNERS,"ZTE,INDOOR,4G,CAT4 CPE,WIRELESS,K10,ROUTER TRADE","1229866",1500.0,"2024-12-20",ORSC,"20260215 11:57:07",,,"202602"
"8663430627181406","121038",CCA Links Ltd,FIXED BROADBAND,"ZTE,MF293N CAT4,MF293N CAT4,4G , CAT 4 , INDOOR CPE,WIRELESS,MF293N CAT4,ROUTER TRADE","1212364",0.0,"2024-01-18",ORSC,"20260220 15:05:44",,,"202602"
"8663430621985306","19640",Promotower Communications Nigeria Ltd,DATA PARTNERS,"ZTE,MF293N CAT4,MF293N CAT4,4G , CAT 4 , INDOOR CPE,WIRELESS,MF293N CAT4,ROUTER TRADE","1212364",4875.0,"2023-08-31",ORSC,"20260204 11:59:24",,,"202602"
"8628520701974255","74050",Nestobar Nigeria Ltd,FIXED BROADBAND,"GENERAL,ROUWIR4260,ROUWIR4260,TOZED ZLT T30D 4G CAT 4 WIRELESS ROUTER,WIRELESS,ROUWIR4260,ROUTER TRADE","1231872",0.0,"2024-06-25",ORSC,"20260215 16:26:52",,,"202602"
"8602320556934855","223046",Lyte Global Projects Ltd,FIXED BROADBAND,"TOZED,MIFI,4G,ZLT M30S,MODEM,ROUMOD1491,MODEM TRADE","1186254",4490.0,"2024-01-24",ORSC,"20251002 15:15:02",,,"202602"
"8672090814005255","19345",,CONNECT STORES,"ZTE,MF935,MF935,4G,MIFI,MF935,ROUTER TRADE","1212360",31600.0,"2025-09-24",ORSC,"20250929 11:05:37",,,"202602"
"8672090813895155","19533",,CONNECT STORES,"ZTE,MF935,MF935,4G,MIFI,MF935,ROUTER TRADE","1212360",50057.5,"2025-08-22",ORSC,"20260211 23:49:32",,,"202602"
"8602320542379855","130061",Ali Mohammed Ibi Global Ltd,ENTERPRISE BUSINESS,"TOZED,MIFI,4G,ZLT M30S,MODEM,ROUMOD1491,MODEM TRADE","1186254",0.0,"2023-08-02",ORSC,"20260129 19:01:09",,,"202602"
"8663430614852155","21247",Dtp - Joangel Ltd,DATA PARTNERS,"ZTE,MF293N CAT4,MF293N CAT4,4G , CAT 4 , INDOOR CPE,WIRELESS,MF293N CAT4,ROUTER TRADE","1212364",0.0,"2024-01-31",ORSC,"20260116 21:17:56",,,"202602"
"8609450696324655","19808",Bailord Ltd,DATA PARTNERS,"ZTE,MF935,MF935,4G,MIFI,MF935,ROUTER TRADE","1212360",0.0,"2025-05-06",ORSC,"20260215 11:56:18",,,"202602"
"8612230310848755","296076",Gpower Global Investment Ltd,PENTAGON FRANCHISE,"ASIATELCO,ROUMOD4329,ROUMOD4329,N873 4G CAT4 LED MIFI, 2100MAH,MODEM,ROUMOD4329,ROUTER TRADE","1236645",700.0,"2025-06-25",ORSC,"20251108 13:11:22",,,"202602"
"8611410719880955","206055",,CONNECT STORES,"TOZED,MIFI,4G,ZLT M30S,MODEM,ROUMOD1491,MODEM TRADE","1186254",16640.0,"2025-01-21",ORSC,"20260227 10:23:07",,,"202602"
"8604910557226555","95039",Alyusrah Investment Nigeria Ltd,FIXED BROADBAND,"ZLT,ROUWIR2440,ROUWIR2440,S20 4G CAT 4 WITH A PAIR OF RABBIT-EAR ANTENNAS,WIRELESS,ROUWIR2440,ROUTER TRADE","1212397",36000.0,"2024-02-02",ORSC,"20260226 15:48:16",,,"202602"
"8663030307086855","19369",,CONNECT STORES,"ASIATELCO,ROUWIR4330,ROUWIR4330,GL738 4G CAT4 CPE PLUS UPS, 5000MAH,WIRELESS,ROUWIR4330,ROUTER TRADE","1236646",0.0,"2025-04-17",ORSC,"20260210 18:34:30",,,"202602"
"8682940744787955","19594",,CONNECT STORES,"TOZED,ROUMOD4390,ROUMOD4390,4G CPE WITH UPS,MODEM,ROUMOD4390,ROUTER TRADE","1283280",0.0,"2025-09-13",ORSC,"20260115 11:46:43",,,"202602"
"8602320524380855","45024",Beli Technology Ltd,DATA PARTNERS,"TOZED,MIFI,4G,ZLT M30S,MODEM,ROUMOD1491,MODEM TRADE","1186254",10840.0,"2022-12-19",ORSC,"20260211 09:30:21",,,"202602"
"8611410728301555","19793",,CONNECT STORES,"TOZED,MIFI,4G,ZLT M30S,MODEM,ROUMOD1491,MODEM TRADE","1186254",0.0,"2025-02-25",ORSC,"20251216 23:21:32",,,"202602"
"8611630702159455","19958",,CONNECT STORES,"TOZED,ROUMIF4389,ROUMIF4389,4G MIFI,MIFI,ROUMIF4389,ROUTER TRADE","1283279",30410.0,"2025-09-02",ORSC,"20260227 15:48:10",,,"202602"
"8611410725925655","83034",GCee Network and Multiservices Ltd,FIXED BROADBAND,"TOZED,MIFI,4G,ZLT M30S,MODEM,ROUMOD1491,MODEM TRADE","1186254",9600.0,"2025-02-11",ORSC,"20251231 16:47:41",,,"202602"
"8626240510433801","19675",Laben Habec Nigeria Ltd,DATA PARTNERS,"4G CAT 6,CAT 6,4G,WITH WIRELESS EXTERNAL ANTENNA, VOICE FUNCTION, WITH 5000MAH MINI UPS,MODEM,4G CAT 6,ROUTER TRADE","1204592",45000.0,"2023-01-20",ORSC,"20260207 19:25:26",,,"202602"
"8611410727176155","19347",,CONNECT STORES,"TOZED,MIFI,4G,ZLT M30S,MODEM,ROUMOD1491,MODEM TRADE","1186254",1900.0,"2025-02-28",ORSC,"20260227 17:27:29",,,"202602"
"8611410720641555","98052",Movil Telecom Ltd,FIXED BROADBAND,"TOZED,MIFI,4G,ZLT M30S,MODEM,ROUMOD1491,MODEM TRADE","1186254",19217.190000000002,"2025-01-17",ORSC,"20260227 14:43:41",,,"202602"
"8682940751204855","19793",,CONNECT STORES,"TOZED,ROUMOD4390,ROUMOD4390,4G CPE WITH UPS,MODEM,ROUMOD4390,ROUTER TRADE","1283280",0.0,"2025-12-22",ORSC,"20260216 11:35:42",,,"202602"
"8602320545631655","19549",,CONNECT STORES,"TOZED,MIFI,4G,ZLT M30S,MODEM,ROUMOD1491,MODEM TRADE","1186254",23500.0,"2023-06-23",ORSC,"20251030 22:41:25",,,"202602"
"8602320554551455","19462",Wolid International Services Ltd,DEALER,"TOZED,MIFI,4G,ZLT M30S,MODEM,ROUMOD1491,MODEM TRADE","1186254",0.0,"2023-10-04",ORSC,"20251218 19:54:52",,,"202602"
"8609450637677755","19761",Equinox Intergrated Concept Ltd,DATA PARTNERS,"ZTE,MF935,MF935,4G,MIFI,MF935,ROUTER TRADE","1212360",12910.0,"2024-05-16",ORSC,"20260227 17:14:48",,,"202602"
"8615550680535904","68028",Xii Energy and Resources Ltd,ENTERPRISE BUSINESS,"ZTE,INDOOR,4G,CAT4 CPE,WIRELESS,K10,ROUTER TRADE","1229866",25500.0,"2024-08-29",ORSC,"20260203 15:09:54",,,"202602"
"8609450641058155","60025",Almond Seal Nig Ltd,DATA PARTNERS,"ZTE,MF935,MF935,4G,MIFI,MF935,ROUTER TRADE","1212360",19210.0,"2024-04-30",ORSC,"20260207 00:04:48",,,"202602"
"8602320555448355","19518",Rayuwa Mobile Ltd,DATA PARTNERS,"TOZED,MIFI,4G,ZLT M30S,MODEM,ROUMOD1491,MODEM TRADE","1186254",9350.0,"2023-11-02",ORSC,"20260211 13:46:16",,,"202602"
"8609450676746255","347066","6Cords Merchant Ltd",FIXED BROADBAND,"ZTE,MF935,MF935,4G,MIFI,MF935,ROUTER TRADE","1212360",600.0,"2024-12-27",ORSC,"20260204 23:13:00",,,"202602"
"8609450682346155","295082",Yisab Nigeria Ltd,PENTAGON FRANCHISE,"ZTE,MF935,MF935,4G,MIFI,MF935,ROUTER TRADE","1212360",50620.0,"2025-03-07",ORSC,"20251129 07:55:02",,,"202602"
"8646650712815404","310070",Confide Technologies Ltd,PENTAGON FRANCHISE,"ZTE,INDOOR,4G,CAT4 CPE,WIRELESS,K10,ROUTER TRADE","1229866",0.0,"2025-01-27",ORSC,"20260202 21:27:52",,,"202602"
"8609450692688555","347062",Chicago Technology Services Nig Ltd,,"ZTE,MF935,MF935,4G,MIFI,MF935,ROUTER TRADE","1212360",10190.0,"2025-05-27",ORSC,"20251109 11:52:26",,,"202602"
"8646650774625604","19960",,CONNECT STORES,"ZTE,ROUMOD4391,ROUMOD4391,4G CPE WITH UPS,MODEM,ROUMOD4391,ROUTER TRADE","1283281",7500.0,"2025-11-24",ORSC,"20260114 10:22:10",,,"202602"
"8602320571971555","98053",Kaysmos Logistics Network Ltd,FIXED BROADBAND,"TOZED,MIFI,4G,ZLT M30S,MODEM,ROUMOD1491,MODEM TRADE","1186254",6000.0,"2024-03-12",ORSC,"20260226 20:55:50",,,"202602"
"8611630706149155","254048",Toldex Concept Global Technology Ltd,ENTERPRISE BUSINESS,"TOZED,ROUMIF4389,ROUMIF4389,4G MIFI,MIFI,ROUMIF4389,ROUTER TRADE","1283279",0.0,"2026-01-15",ORSC,"20260225 13:58:46",,,"202602"
"8611410713497455","296065",CCA Links Ltd,ENTERPRISE BUSINESS,"TOZED,MIFI,4G,ZLT M30S,MODEM,ROUMOD1491,MODEM TRADE","1186254",70000.0,"2024-11-11",ORSC,"20251108 09:12:40",,,"202602"
"8612230312099055","255074",Lamer Comm Continental Ltd,ENTERPRISE BUSINESS,"ASIATELCO,ROUMOD4329,ROUMOD4329,N873 4G CAT4 LED MIFI, 2100MAH,MODEM,ROUMOD4329,ROUTER TRADE","1236645",14500.0,"2025-05-16",ORSC,"20260215 10:25:35",,,"202602"
"8615550687792904","19808",Bailord Ltd,DATA PARTNERS,"ZTE,INDOOR,4G,CAT4 CPE,WIRELESS,K10,ROUTER TRADE","1229866",0.0,"2024-10-08",ORSC,"20260128 07:10:23",,,"202602"
"8611410712705855","50046",Al-Miftah Telecommunications Ltd,DATA PARTNERS,"TOZED,MIFI,4G,ZLT M30S,MODEM,ROUMOD1491,MODEM TRADE","1186254",0.0,"2025-01-17",ORSC,"20251120 14:16:33",,,"202602"
"8609450686223755","74049",Ramson International Communication And Trade Ltd,ENTERPRISE BUSINESS,"ZTE,MF935,MF935,4G,MIFI,MF935,ROUTER TRADE","1212360",15000.0,"2025-01-25",ORSC,"20260226 14:51:25",,,"202602"
"8609450621641355","19664",Kashmir Global And Communications Ltd,DATA PARTNERS,"ZTE,MF935,MF935,4G,MIFI,MF935,ROUTER TRADE","1212360",90000.0,"2023-11-05",ORSC,"20260219 08:57:28",,,"202602"
"8626240510528001","19392",Speakeezee Connect Ltd,CONNECT STORES,"4G CAT 6,CAT 6,4G,WITH WIRELESS EXTERNAL ANTENNA, VOICE FUNCTION, WITH 5000MAH MINI UPS,MODEM,4G CAT 6,ROUTER TRADE","1204592",0.0,"2022-12-14",ORSC,"20260117 08:48:38",,,"202602"
"8672090808442055","19420",Movingstar Communications Ltd,DATA PARTNERS,"ZTE,MF935,MF935,4G,MIFI,MF935,ROUTER TRADE","1212360",7500.0,"2025-09-16",ORSC,"20251214 09:23:30",,,"202602"
"8609450637704855","19837",Darlin Ronkus Fashions,DATA PARTNERS,"ZTE,MF935,MF935,4G,MIFI,MF935,ROUTER TRADE","1212360",3500.0,"2024-04-20",ORSC,"20260219 13:34:55",,,"202602"
"8609450682734855","21247",Dtp - Joangel Ltd,DATA PARTNERS,"ZTE,MF935,MF935,4G,MIFI,MF935,ROUTER TRADE","1212360",2200.0,"2025-03-11",ORSC,"20260206 13:54:40",,,"202602"
"8609450687386855","19796",,CONNECT STORES,"ZTE,MF935,MF935,4G,MIFI,MF935,ROUTER TRADE","1212360",19410.0,"2025-03-25",ORSC,"20260128 08:40:54",,,"202602"
"8626240521964201","257067",Nkemsom Concepts Ltd,ENTERPRISE BUSINESS,"TOZED,ZLT S50 CAT6,ZLT S50 CAT6,4G , CAT 6 , INDOOR CPE,WIRELESS,ZLT S50 CAT6,ROUTER TRADE","1212361",0.0,"2024-05-27",ORSC,"20260104 04:47:20",,,"202602"
"8637030556060201","19473",Zealstar Nigeria Ltd,DEALER,"ZTE,MTNMOBILEWIRELESSWIFI,2G/3G/4G,PORTABLE WIFI HOTSPOT, INTERNET MODEM,WIRELESS,MF927U,MODEM TRADE","1059084",0.0,"2022-04-11",ORSC,"20260101 15:58:21",,,"202602"
"8682940745942255","350061",Communication Facilitators Ltd,PENTAGON,"TOZED,ROUMOD4390,ROUMOD4390,4G CPE WITH UPS,MODEM,ROUMOD4390,ROUTER TRADE","1283280",0.0,"2025-08-21",ORSC,"20251113 14:58:45",,,"202602"
"8609450694455855","19469",Yau Da Gobe Communication Ltd,DATA PARTNERS,"ZTE,MF935,MF935,4G,MIFI,MF935,ROUTER TRADE","1212360",11000.0,"2025-05-20",ORSC,"20260121 15:00:12",,,"202602"
"8679090700461901","98052",Movil Telecom Ltd,FIXED BROADBAND,"TOZED,ROUMOD4393,ROUMOD4393,5G CPE WITH UPS,MODEM,ROUMOD4393,ROUTER TRADE","1283282",24000.0,"2025-06-30",ORSC,"20260204 15:48:06",,,"202602"
"8604910553872955","19516",Quick Choice Globar Resources,DATA PARTNERS,"ZLT,ROUWIR2440,ROUWIR2440,S20 4G CAT 4 WITH A PAIR OF RABBIT-EAR ANTENNAS,WIRELESS,ROUWIR2440,ROUTER TRADE","1212397",0.0,"2023-10-31",ORSC,"20260204 09:00:53",,,"202602"
"8609450692918855","19357",Meridek Resources International Ltd,DATA PARTNERS,"ZTE,MF935,MF935,4G,MIFI,MF935,ROUTER TRADE","1212360",0.0,"2025-05-28",ORSC,"20260131 18:42:59",,,"202602"
"8609450643044655","19793",,CONNECT STORES,"ZTE,MF935,MF935,4G,MIFI,MF935,ROUTER TRADE","1212360",0.0,"2024-07-26",ORSC,"20251019 08:19:36",,,"202602"
"8646650719142404","19755",Maiburgami Company Nigeria Ltd,DEALER,"ZTE,INDOOR,4G,CAT4 CPE,WIRELESS,K10,ROUTER TRADE","1229866",1485.0,"2025-02-14",ORSC,"20260214 16:47:12",,,"202602"
"8602320515593955","71031",Hermmson Ltd,DATA PARTNERS,"TOZED,MIFI,4G,ZLT M30S,MODEM,ROUMOD1491,MODEM TRADE","1186254",1000.0,"2022-12-12",ORSC,"20260202 20:31:57",,,"202602"
"8609450615838255","19411",Sudha Nigeria Ltd,DEALER,"ZTE,MF935,MF935,4G,MIFI,MF935,ROUTER TRADE","1212360",0.0,"2023-11-14",ORSC,"20260120 20:57:49",,,"202602"
"8602320524414555","19658",Image Imagination Ltd,DATA PARTNERS,"TOZED,MIFI,4G,ZLT M30S,MODEM,ROUMOD1491,MODEM TRADE","1186254",0.0,"2023-01-09",ORSC,"20260204 22:42:02",,,"202602"
"8612230304447855","19880",,CONNECT STORES,"ASIATELCO,ROUMOD4329,ROUMOD4329,N873 4G CAT4 LED MIFI, 2100MAH,MODEM,ROUMOD4329,ROUTER TRADE","1236645",14700.0,"2025-05-19",ORSC,"20260224 17:57:43",,,"202602"
"8693380705204904","54253",Carlcon Global Resources Ltd,DATA PARTNERS,"ZTE,ROUMOD4394,ROUMOD4394,5G CPE WITH UPS,MODEM,ROUMOD4394,ROUTER TRADE","1283283",0.0,"2025-09-30",ORSC,"20260227 18:21:13",,,"202602"
"8611630705175555","19903",,CONNECT STORES,"TOZED,ROUMIF4389,ROUMIF4389,4G MIFI,MIFI,ROUMIF4389,ROUTER TRADE","1283279",0.0,"2025-11-28",ORSC,"20260112 11:03:02",,,"202602"
"8663430622351306","19343",,CONNECT STORES,"ZTE,MF293N CAT4,MF293N CAT4,4G , CAT 4 , INDOOR CPE,WIRELESS,MF293N CAT4,ROUTER TRADE","1212364",0.0,"2023-10-06",ORSC,"20260218 01:19:57",,,"202602"
"8609450690476255","350060",Arche Fortune Global Investment Nigeria Ltd,PENTAGON,"ZTE,MF935,MF935,4G,MIFI,MF935,ROUTER TRADE","1212360",490.0,"2025-04-17",ORSC,"20251004 13:25:33",,,"202602"
"8612230312003955","253047",Muneso Business Hub Ltd,ENTERPRISE BUSINESS,"ASIATELCO,ROUMOD4329,ROUMOD4329,N873 4G CAT4 LED MIFI, 2100MAH,MODEM,ROUMOD4329,ROUTER TRADE","1236645",5175.0,"2025-05-30",ORSC,"20260227 23:19:36",,,"202602"
"8609450616764455","19678",Lookman Communications Ltd,DATA PARTNERS,"ZTE,MF935,MF935,4G,MIFI,MF935,ROUTER TRADE","1212360",33750.0,"2023-10-28",ORSC,"20260209 11:21:16",,,"202602"
"8602320545916855","19448",V-Lite Solutions Ltd,DATA PARTNERS,"TOZED,MIFI,4G,ZLT M30S,MODEM,ROUMOD1491,MODEM TRADE","1186254",0.0,"2023-05-31",ORSC,"20251102 23:56:28",,,"202602"
"8682940751901555","265054",Olumajek IT Continental Ltd,FIXED BROADBAND,"TOZED,ROUMOD4390,ROUMOD4390,4G CPE WITH UPS,MODEM,ROUMOD4390,ROUTER TRADE","1283280",0.0,"2026-01-18",ORSC,"20260219 01:08:55",,,"202602"
"8693380714406304","19437",,CONNECT STORES,"ZTE,ROUMOD4394,ROUMOD4394,5G CPE WITH UPS,MODEM,ROUMOD4394,ROUTER TRADE","1283283",0.0,"2025-11-27",ORSC,"20251218 12:58:27",,,"202602"
"8602320563769555","19488",Nelix Engineering Ltd,DATA PARTNERS,"TOZED,MIFI,4G,ZLT M30S,MODEM,ROUMOD1491,MODEM TRADE","1186254",28940.0,"2024-01-31",ORSC,"20260212 18:56:31",,,"202602"
"8682940751313655","19643",,CONNECT STORES,"TOZED,ROUMOD4390,ROUMOD4390,4G CPE WITH UPS,MODEM,ROUMOD4390,ROUTER TRADE","1283280",0.0,"2025-09-20",ORSC,"20260202 16:08:53",,,"202602"
"8612230303362755","26036",Segfat 33 Great Nigeria Ltd,DATA PARTNERS,"ASIATELCO,ROUMOD4329,ROUMOD4329,N873 4G CAT4 LED MIFI, 2100MAH,MODEM,ROUMOD4329,ROUTER TRADE","1236645",980.0,"2024-12-10",ORSC,"20260207 14:22:54",,,"202602"
"8602320553556755","19501",Nother Global Ltd,DATA PARTNERS,"TOZED,MIFI,4G,ZLT M30S,MODEM,ROUMOD1491,MODEM TRADE","1186254",8185.0,"2023-10-07",ORSC,"20260213 09:57:09",,,"202602"
"8682940752289355","19597",,CONNECT STORES,"TOZED,ROUMOD4390,ROUMOD4390,4G CPE WITH UPS,MODEM,ROUMOD4390,ROUTER TRADE","1283280",9000.0,"2025-12-22",ORSC,"20260207 12:39:55",,,"202602"
"8672090804103055","206055",,CONNECT STORES,"ZTE,MF935,MF935,4G,MIFI,MF935,ROUTER TRADE","1212360",4985.0,"2025-07-31",ORSC,"20251030 10:54:59",,,"202602"
"8672090808112955","19437",,CONNECT STORES,"ZTE,MF935,MF935,4G,MIFI,MF935,ROUTER TRADE","1212360",3500.0,"2025-12-11",ORSC,"20260204 20:25:25",,,"202602"
"8602320576734955","115058",Keskese Ltd,CONNECT STORES,"TOZED,MIFI,4G,ZLT M30S,MODEM,ROUMOD1491,MODEM TRADE","1186254",23400.0,"2024-04-08",ORSC,"20260108 16:26:54",,,"202602"
"8646650768516104","19582",,CONNECT STORES,"ZTE,ROUMOD4391,ROUMOD4391,4G CPE WITH UPS,MODEM,ROUMOD4391,ROUTER TRADE","1283281",1485.0,"2025-09-17",ORSC,"20260131 09:42:41",,,"202602"
"8663030307489455","239048",Aua-Technologies Ltd,FIXED BROADBAND,"ASIATELCO,ROUWIR4330,ROUWIR4330,GL738 4G CAT4 CPE PLUS UPS, 5000MAH,WIRELESS,ROUWIR4330,ROUTER TRADE","1236646",2000.0,"2025-04-25",ORSC,"20251226 17:32:49",,,"202602"
"8672090814548755","379092",Stephprisca Solutions Ltd,PENTAGON,"ZTE,MF935,MF935,4G,MIFI,MF935,ROUTER TRADE","1212360",1390.0,"2025-08-14",ORSC,"20260128 15:34:48",,,"202602"
"8626240515090901","19424",Hamaz Communication Ltd,DATA PARTNERS,"4G CAT 6,CAT 6,4G,WITH WIRELESS EXTERNAL ANTENNA, VOICE FUNCTION, WITH 5000MAH MINI UPS,MODEM,4G CAT 6,ROUTER TRADE","1204592",17800.0,"2023-03-16",ORSC,"20260124 21:41:18",,,"202602"
"8646650712548755","74050",Nestobar Nigeria Ltd,FIXED BROADBAND,"ZTE,INDOOR,4G,CAT4 CPE,WIRELESS,K10,ROUTER TRADE","1229866",13410.0,"2024-12-27",ORSC,"20251030 13:01:56",,,"202602"
"8609450607755555","50046",Al-Miftah Telecommunications Ltd,DATA PARTNERS,"ZTE,MF935,MF935,4G,MIFI,MF935,ROUTER TRADE","1212360",9487.52,"2023-09-13",ORSC,"20260222 15:22:42",,,"202602"
"8611410719675555","19556",,CONNECT STORES,"TOZED,MIFI,4G,ZLT M30S,MODEM,ROUMOD1491,MODEM TRADE","1186254",0.0,"2025-01-17",ORSC,"20260225 23:54:03",,,"202602"
"8623780605529001","332062",Nwonyo Global Service Ltd,PENTAGON,"TOZED,MODWIR4342,MODWIR4342,5G CPE WIFI 6 AX1800 WITH UPS50,WIRELESS,MODWIR4342,MODEM TRADE","1280129",70250.0,"2025-04-09",ORSC,"20260224 00:25:48",,,"202602"
"8602320572922255","19910",Gobir Jega Investment Ltd,DATA PARTNERS,"TOZED,MIFI,4G,ZLT M30S,MODEM,ROUMOD1491,MODEM TRADE","1186254",9880.0,"2024-06-11",ORSC,"20260205 20:10:26",,,"202602"
"8682940751204455","19793",,CONNECT STORES,"TOZED,ROUMOD4390,ROUMOD4390,4G CPE WITH UPS,MODEM,ROUMOD4390,ROUTER TRADE","1283280",9000.0,"2025-12-22",ORSC,"20260206 10:08:23",,,"202602"
"8602320543303555","19469",Yau Da Gobe Communication Ltd,DATA PARTNERS,"TOZED,MIFI,4G,ZLT M30S,MODEM,ROUMOD1491,MODEM TRADE","1186254",5150.0,"2023-03-28",ORSC,"20260215 09:43:18",,,"202602"
"8663430620500806","19554",Tunnet Ventures Ltd,DATA PARTNERS,"ZTE,MF293N CAT4,MF293N CAT4,4G , CAT 4 , INDOOR CPE,WIRELESS,MF293N CAT4,ROUTER TRADE","1212364",0.0,"2023-10-17",ORSC,"20260118 09:04:35",,,"202602"
"8672090813418955","19596",,CONNECT STORES,"ZTE,MF935,MF935,4G,MIFI,MF935,ROUTER TRADE","1212360",52600.0,"2025-09-19",ORSC,"20260224 00:26:09",,,"202602"
"8609450617921055","19357",Meridek Resources International Ltd,DATA PARTNERS,"ZTE,MF935,MF935,4G,MIFI,MF935,ROUTER TRADE","1212360",18985.0,"2023-11-13",ORSC,"20260222 00:29:28",,,"202602"
"8626240521910601","275053",Global Phonelinz Systems Ltd,ENTERPRISE BUSINESS,"TOZED,ZLT S50 CAT6,ZLT S50 CAT6,4G , CAT 6 , INDOOR CPE,WIRELESS,ZLT S50 CAT6,ROUTER TRADE","1212361",7500.0,"2024-05-14",ORSC,"20260126 14:28:07",,,"202602"
"8602320585145855","311077",Fantel Technologies Ltd,,"TOZED,MIFI,4G,ZLT M30S,MODEM,ROUMOD1491,MODEM TRADE","1186254",0.0,"2024-07-10",ORSC,"20260223 12:55:16",,,"202602"
"8611410714376255","257067",Nkemsom Concepts Ltd,ENTERPRISE BUSINESS,"TOZED,MIFI,4G,ZLT M30S,MODEM,ROUMOD1491,MODEM TRADE","1186254",0.0,"2024-11-11",ORSC,"20251220 22:24:31",,,"202602"
"8602320566045155","19448",V-Lite Solutions Ltd,DATA PARTNERS,"TOZED,MIFI,4G,ZLT M30S,MODEM,ROUMOD1491,MODEM TRADE","1186254",12250.0,"2024-03-04",ORSC,"20260225 12:44:07",,,"202602"
"8663430619774755","98053",Kaysmos Logistics Network Ltd,FIXED BROADBAND,"ZTE,MF293N CAT4,MF293N CAT4,4G , CAT 4 , INDOOR CPE,WIRELESS,MF293N CAT4,ROUTER TRADE","1212364",23500.0,"2023-09-19",ORSC,"20251126 21:53:41",,,"202602"
"8682940751206455","19793",,CONNECT STORES,"TOZED,ROUMOD4390,ROUMOD4390,4G CPE WITH UPS,MODEM,ROUMOD4390,ROUTER TRADE","1283280",0.0,"2025-12-22",ORSC,"20260216 16:27:10",,,"202602"
"8609450643141155","19901",,CONNECT STORES,"ZTE,MF935,MF935,4G,MIFI,MF935,ROUTER TRADE","1212360",24740.0,"2024-07-19",ORSC,"20260218 21:37:19",,,"202602"
"8699900613367201","357098",El-Bethel Infotech Ltd,PENTAGON,"ZTE,ZTE MC888D 5G CPE,ZTE MC888D 5G CPE,DEVICE,ROUTER,ZTE MC888D 5G CPE,ROUTER TRADE","1229477",40000.0,"2025-05-29",ORSC,"20251130 14:46:37",,,"202602"
"8679090702343601","26034",T-Smart Nigeria Ltd,DATA PARTNERS,"TOZED,ROUMOD4393,ROUMOD4393,5G CPE WITH UPS,MODEM,ROUMOD4393,ROUTER TRADE","1283282",11000.0,"2025-09-30",ORSC,"20251206 11:07:25",,,"202602"
"8602320537897555","90031",Ori Communications Ltd,FIXED BROADBAND,"TOZED,MIFI,4G,ZLT M30S,MODEM,ROUMOD1491,MODEM TRADE","1186254",0.0,"2023-03-30",ORSC,"20260113 19:59:57",,,"202602"
"8611410722813055","353061",Precious Nigeria Ltd,,"TOZED,MIFI,4G,ZLT M30S,MODEM,ROUMOD1491,MODEM TRADE","1186254",300.0,"2025-01-20",ORSC,"20260209 21:29:26",,,"202602"
"8602320528769455","19902",,CONNECT STORES,"TOZED,MIFI,4G,ZLT M30S,MODEM,ROUMOD1491,MODEM TRADE","1186254",7950.0,"2026-01-10",ORSC,"20260123 16:29:21",,,"202602"
"8626240509929701","121038",CCA Links Ltd,FIXED BROADBAND,"WIRELESS EXTERNAL ANTENNA, WITH VOICE FUNCTION, WITH 5000MAH MINI UPS, 4G CAT 6, ANTENNA, UNIT TRADE","1204592",16000.0,"2022-12-19",ORSC,"20260103 18:50:26",,,"202602"
"8663030306273455","349071",Dtech Support Services Ltd,PENTAGON,"ASIATELCO,ROUWIR4330,ROUWIR4330,GL738 4G CAT4 CPE PLUS UPS, 5000MAH,WIRELESS,ROUWIR4330,ROUTER TRADE","1236646",7500.0,"2025-03-07",ORSC,"20260215 19:03:36",,,"202602"
"8612230311639055","349067",Grace and Glory Telecoms Ltd,PENTAGON,"ASIATELCO,ROUMOD4329,ROUMOD4329,N873 4G CAT4 LED MIFI, 2100MAH,MODEM,ROUMOD4329,ROUTER TRADE","1236645",2200.0,"2025-07-31",ORSC,"20260216 19:41:50",,,"202602"
"8696010502387500","19618",Phone Index Ltd,CONNECT STORES,"TOZED,MODOUT1813,MODOUT1813,ZLT X20 5G CPE,OUTDOOR,MODOUT1813,MODEM TRADE","1199811",9000.0,"2024-03-23",ORSC,"20251216 05:47:27",,,"202602"
"8611410724718055","319058",Dake Ventures Resources Ltd,,"TOZED,MIFI,4G,ZLT M30S,MODEM,ROUMOD1491,MODEM TRADE","1186254",0.0,"2025-03-03",ORSC,"20260120 10:19:09",,,"202602"
"8612230307242155","19622",Pko Technologies Ltd,DATA PARTNERS,"ASIATELCO,ROUMOD4329,ROUMOD4329,N873 4G CAT4 LED MIFI, 2100MAH,MODEM,ROUMOD4329,ROUTER TRADE","1236645",11000.0,"2025-04-22",ORSC,"20260225 00:02:22",,,"202602"
"8602320538656955","73037",Stephprisca Solutions Ltd,ENTERPRISE BUSINESS,"TOZED,MIFI,4G,ZLT M30S,MODEM,ROUMOD1491,MODEM TRADE","1186254",1000.0,"2023-05-26",ORSC,"20260226 14:33:25",,,"202602"
"8611410730319655","98052",Movil Telecom Ltd,FIXED BROADBAND,"TOZED,MIFI,4G,ZLT M30S,MODEM,ROUMOD1491,MODEM TRADE","1186254",63000.0,"2025-02-15",ORSC,"20260119 10:02:57",,,"202602"
"8612230312232955","19537",,CONNECT STORES,"ASIATELCO,ROUMOD4329,ROUMOD4329,N873 4G CAT4 LED MIFI, 2100MAH,MODEM,ROUMOD4329,ROUTER TRADE","1236645",0.0,"2025-05-19",ORSC,"20260115 18:51:53",,,"202602"
"8609450684872855","336060",C and C Mega Communication Services Ltd,,"ZTE,MF935,MF935,4G,MIFI,MF935,ROUTER TRADE","1212360",36470.0,"2025-03-07",ORSC,"20260227 15:04:21",,,"202602"
"8602320576662955","19327",Blue Pyramid Ltd,DATA PARTNERS,"TOZED,MIFI,4G,ZLT M30S,MODEM,ROUMOD1491,MODEM TRADE","1186254",22350.0,"2024-04-05",ORSC,"20260213 18:45:39",,,"202602"
"8611410727688955","19959",,CONNECT STORES,"TOZED,MIFI,4G,ZLT M30S,MODEM,ROUMOD1491,MODEM TRADE","1186254",0.0,"2025-02-13",ORSC,"20251104 03:10:26",,,"202602"
"8682940743802855","159043",Ozb Communications Ltd,CONNECT STORES,"TOZED,ROUMOD4390,ROUMOD4390,4G CPE WITH UPS,MODEM,ROUMOD4390,ROUTER TRADE","1283280",3780.0,"2025-08-20",ORSC,"20251126 16:28:59",,,"202602"
