imei,distributor_code,distributor_name,account_profile_class,product_name,product_code,data_subscription_amount,invoice_date,source,first_activation_date,tbl_dt,actual_completion_date,mon_period
8609450634718255,19657,Birch Wave Ventures,DATA PARTNERS,"ZTE,MF935,MF935,4G,MIFI,MF935,ROUTER TRADE",1212360,0.00,2024-03-20,ORSC,20260127 00:34:25,,,202606
8611410721422855,74054,Teal Port Networks,FIXED BROADBAND,"TOZED,MIFI,4G,ZLT M30S,MODEM,ROUMOD1491,MODEM TRADE",1186254,2148.80,2025-01-10,ORSC,20260227 18:46:20,,,202606
8682940752714555,98053,Raven Sky Networks,FIXED BROADBAND,"TOZED,ROUMOD4390,ROUMOD4390,4G CPE WITH UPS,MODEM,ROUMOD4390,ROUTER TRADE",1283280,2953.20,2026-01-16,ORSC,20260121 19:24:25,,,202606
8602320589592455,68028,Teal Delta Ventures,ENTERPRISE BUSINESS,"TOZED,MIFI,4G,ZLT M30S,MODEM,ROUMOD1491,MODEM TRADE",1186254,4017.60,2024-10-07,ORSC,20260220 10:33:46,,,202606
8604910529157155,19502,Swift Stone Ventures,DATA PARTNERS,"ZLT,ROUWIR2440,ROUWIR2440,S20 4G CAT 4 WITH A PAIR OF RABBIT-EAR ANTENNAS,WIRELESS,ROUWIR2440,ROUTER TRADE",1212397,21065.78,2023-05-22,ORSC,20260227 14:37:54,,,202606
8611410724188855,95039,Pearl Haven Ventures,FIXED BROADBAND,"TOZED,MIFI,4G,ZLT M30S,MODEM,ROUMOD1491,MODEM TRADE",1186254,0.00,2025-02-07,ORSC,20260207 17:45:38,,,202606
8609450626894755,74049,Linden Park Communications,ENTERPRISE BUSINESS,"ZTE,MF935,MF935,4G,MIFI,MF935,ROUTER TRADE",1212360,17962.32,2024-01-05,ORSC,20260227 15:20:30,,,202606
8602320564286255,19386,Pearl Park Trading,DEALER,"TOZED,MIFI,4G,ZLT M30S,MODEM,ROUMOD1491,MODEM TRADE",1186254,18240.66,2024-03-06,ORSC,20260110 08:37:15,,,202606
8696010508902400,19410,Opal Grove Ventures,DATA PARTNERS,"ZLT X20 5G,MODMOD2132,MODMOD2132,CPE WITH QUALCOMM CHIPSET WITHMINI UPS,MODEM,MODMOD2132,MODEM TRADE",1207941,0.00,2023-12-19,ORSC,20260106 23:19:40,,,202606
8663430618962706,20031,Dawn Spring Communications,DATA PARTNERS,"ZTE,MF293N CAT4,MF293N CAT4,4G , CAT 4 , INDOOR CPE,WIRELESS,MF293N CAT4,ROUTER TRADE",1212364,54172.80,2023-09-11,ORSC,20260205 13:16:51,,,202606
8611410719367555,19686,,CONNECT STORES,"TOZED,MIFI,4G,ZLT M30S,MODEM,ROUMOD1491,MODEM TRADE",1186254,0.00,2025-01-21,ORSC,20260225 19:39:45,,,202606
8611410722680155,95037,Indigo Arc Communications,FIXED BROADBAND,"TOZED,MIFI,4G,ZLT M30S,MODEM,ROUMOD1491,MODEM TRADE",1186254,0.00,2025-01-21,ORSC,20260226 21:12:43,,,202606
8602320575749655,88031,Oak Field Communications,FIXED BROADBAND,"TOZED,MIFI,4G,ZLT M30S,MODEM,ROUMOD1491,MODEM TRADE",1186254,1070.39,2024-05-06,ORSC,20260210 13:10:20,,,202606
8646650720006504,97095,Quartz Delta Ventures,FIXED BROADBAND,"ZTE,INDOOR,4G,CAT4 CPE,WIRELESS,K10,ROUTER TRADE",1229866,110.21,2025-01-28,ORSC,20260202 16:15:54,,,202606
8672090804527255,19477,,CONNECT STORES,"ZTE,MF935,MF935,4G,MIFI,MF935,ROUTER TRADE",1212360,5616.00,2025-11-27,ORSC,20260219 14:27:31,,,202606
8609450611220555,19484,Coral Wood Communications,DATA PARTNERS,"ZTE,MF935,MF935,4G,MIFI,MF935,ROUTER TRADE",1212360,0.00,2023-08-25,ORSC,20251126 07:10:58,,,202606
8624440704711500,148031,Birch Path Networks,CONNECT STORES,"HUAWEI,ROUWIR4302,ROUWIR4302,4G CAT4 CPE B313-322WITH UPS,WIRELESS,ROUWIR4302,ROUTER TRADE",1234615,0.00,2025-08-13,ORSC,20251212 09:23:20,,,202606
8602320564778055,19923,Sunset Path Trading,CONNECT STORES,"TOZED,MIFI,4G,ZLT M30S,MODEM,ROUMOD1491,MODEM TRADE",1186254,0.00,2024-03-20,ORSC,20251217 07:53:51,,,202606
8612230311806255,206053,Raven Arc Ventures,ENTERPRISE BUSINESS,"ASIATELCO,ROUMOD4329,ROUMOD4329,N873 4G CAT4 LED MIFI, 2100MAH,MODEM,ROUMOD4329,ROUTER TRADE",1236645,9253.44,2025-05-22,ORSC,20260129 23:02:46,,,202606
8646650712966404,19810,,CONNECT STORES,"ZTE,INDOOR,4G,CAT4 CPE,WIRELESS,K10,ROUTER TRADE",1229866,17859.65,2025-01-03,ORSC,20251220 06:39:54,,,202606
8646650775147504,294071,Linden Crest Communications,FIXED BROADBAND,"ZTE,ROUMOD4391,ROUMOD4391,4G CPE WITH UPS,MODEM,ROUMOD4391,ROUTER TRADE",1283281,0.00,2025-09-17,ORSC,20251229 08:37:49,,,202606
8609450676122855,74049,Linden Park Communications,ENTERPRISE BUSINESS,"ZTE,MF935,MF935,4G,MIFI,MF935,ROUTER TRADE",1212360,127.65,2024-12-13,ORSC,20251026 09:33:16,,,202606
8612230309834855,19559,Coral Wave Networks,DATA PARTNERS,"ASIATELCO,ROUMOD4329,ROUMOD4329,N873 4G CAT4 LED MIFI, 2100MAH,MODEM,ROUMOD4329,ROUTER TRADE",1236645,0.00,2025-05-31,ORSC,20250905 11:38:37,,,202606
8609450617615555,19713,Aspen Delta Networks,DATA PARTNERS,"ZTE,MF935,MF935,4G,MIFI,MF935,ROUTER TRADE",1212360,4312.08,2023-11-14,ORSC,20260125 17:38:41,,,202606
8672090806302855,19555,,CONNECT STORES,"ZTE,MF935,MF935,4G,MIFI,MF935,ROUTER TRADE",1212360,43912.80,2025-11-26,ORSC,20251210 08:58:07,,,202606
8672090807781755,367077,Golden Vale Trading,,"ZTE,MF935,MF935,4G,MIFI,MF935,ROUTER TRADE",1212360,21691.53,2025-09-15,ORSC,20260227 20:04:10,,,202606
8609450686437355,294071,Linden Crest Communications,FIXED BROADBAND,"ZTE,MF935,MF935,4G,MIFI,MF935,ROUTER TRADE",1212360,8850.80,2025-04-08,ORSC,20260208 19:08:27,,,202606
8611410727356455,265053,Pearl Park Ventures,FIXED BROADBAND,"TOZED,MIFI,4G,ZLT M30S,MODEM,ROUMOD1491,MODEM TRADE",1186254,0.00,2025-02-10,ORSC,20260223 11:13:09,,,202606
8611410732815955,353061,Forest Reach Communications,,"TOZED,MIFI,4G,ZLT M30S,MODEM,ROUMOD1491,MODEM TRADE",1186254,7865.35,2025-02-07,ORSC,20260220 19:30:57,,,202606
8612230307260455,78074,Harbor Moon Ventures,FIXED BROADBAND,"ASIATELCO,ROUMOD4329,ROUMOD4329,N873 4G CAT4 LED MIFI, 2100MAH,MODEM,ROUMOD4329,ROUTER TRADE",1236645,0.00,2025-04-07,ORSC,20260223 10:30:41,,,202606
8609450686750955,333070,Azure Sky Trading,PENTAGON,"ZTE,MF935,MF935,4G,MIFI,MF935,ROUTER TRADE",1212360,1084.80,2025-03-10,ORSC,20260109 15:00:23,,,202606
8611410731929655,19687,,CONNECT STORES,"TOZED,MIFI,4G,ZLT M30S,MODEM,ROUMOD1491,MODEM TRADE",1186254,0.00,2025-02-21,ORSC,20260121 21:52:24,,,202606
8693380705577304,19948,Meadow Haven Networks,DATA PARTNERS,"ZTE,ROUMOD4394,ROUMOD4394,5G CPE WITH UPS,MODEM,ROUMOD4394,ROUTER TRADE",1283283,15174.25,2025-08-26,ORSC,20260207 13:54:44,,,202606
8637030578248155,19492,Meadow View Networks,CONNECT STORES,"ZTE,MTNMOBILEWIRELESSWIFI,2G/3G/4G,PORTABLE WIFI HOTSPOT, INTERNET MODEM,WIRELESS,MF927U,MODEM TRADE",1059084,193.20,2022-06-24,ORSC,20251009 10:15:02,,,202606
8672090803199955,19505,Elm Horizon Communications,DATA PARTNERS,"ZTE,MF935,MF935,4G,MIFI,MF935,ROUTER TRADE",1212360,985.80,2025-08-18,ORSC,20260102 16:22:48,,,202606
8604910552622855,19646,Rowan Wind Trading,DEALER,"ZLT,ROUWIR2440,ROUWIR2440,S20 4G CAT 4 WITH A PAIR OF RABBIT-EAR ANTENNAS,WIRELESS,ROUWIR2440,ROUTER TRADE",1212397,0.00,2023-10-30,ORSC,20250907 12:27:33,,,202606
8672090804797155,213043,Quartz Trail Communications,ENTERPRISE BUSINESS,"ZTE,MF935,MF935,4G,MIFI,MF935,ROUTER TRADE",1212360,8115.66,2025-08-27,ORSC,20251211 17:42:53,,,202606
8679090701259601,19792,Sunset Port Ventures,DEALER,"TOZED,ROUMOD4393,ROUMOD4393,5G CPE WITH UPS,MODEM,ROUMOD4393,ROUTER TRADE",1283282,44283.65,2025-06-27,ORSC,20251216 21:01:03,,,202606
8623780604759101,107037,Winter Delta Ventures,FIXED BROADBAND,"TOZED,MODWIR4342,MODWIR4342,5G CPE WIFI 6 AX1800 WITH UPS50,WIRELESS,MODWIR4342,MODEM TRADE",1280129,21873.50,2025-03-26,ORSC,20260106 11:22:06,,,202606
8646650712819204,265054,Raven Arc Ventures,FIXED BROADBAND,"ZTE,INDOOR,4G,CAT4 CPE,WIRELESS,K10,ROUTER TRADE",1229866,5439.00,2024-12-11,ORSC,20260208 20:47:34,,,202606
8678730700887706,110035,Olive Hill Networks,FIXED BROADBAND,"TOZED,ROUWIR4301,ROUWIR4301,ZLT X25 MAX 5G WIRELESS ROUTER WITH UPS,WIRELESS,ROUWIR4301,ROUTER TRADE",1234614,41912.64,2024-09-30,ORSC,20251226 15:39:41,,,202606
8602320573976755,19895,Flint Grove Trading,CONNECT STORES,"TOZED,MIFI,4G,ZLT M30S,MODEM,ROUMOD1491,MODEM TRADE",1186254,11260.45,2024-03-14,ORSC,20260226 12:28:49,,,202606
8611410713680955,90031,Indigo Haven Trading,FIXED BROADBAND,"TOZED,MIFI,4G,ZLT M30S,MODEM,ROUMOD1491,MODEM TRADE",1186254,0.00,2025-01-20,ORSC,20260220 20:32:53,,,202606
8609450621986955,98053,Raven Sky Networks,FIXED BROADBAND,"ZTE,MF935,MF935,4G,MIFI,MF935,ROUTER TRADE",1212360,7577.58,2023-11-06,ORSC,20251208 05:33:44,,,202606
8611410722258355,19577,,CONNECT STORES,"TOZED,MIFI,4G,ZLT M30S,MODEM,ROUMOD1491,MODEM TRADE",1186254,6489.00,2025-01-24,ORSC,20260202 10:47:54,,,202606
3523081018217201,19590,Spruce Brook Trading,DATA PARTNERS,"ITEL,ITELA23PHONE,ITELA23PHONE,ITEL A23 ANDROID SMART PHONE,SMART PHONE,ITELA23PHONE,DEVICE MOBILE",1164366,2204.80,2022-03-21,ORSC,20260121 10:25:59,,,202606
8609450628917555,74052,Forest Horizon Communications,FIXED BROADBAND,"ZTE,MF935,MF935,4G,MIFI,MF935,ROUTER TRADE",1212360,2235.77,2023-12-18,ORSC,20251211 12:01:05,,,202606
8611410732168355,21276,Stone Light Networks,ENTERPRISE BUSINESS,"TOZED,MIFI,4G,ZLT M30S,MODEM,ROUMOD1491,MODEM TRADE",1186254,2266.70,2025-02-28,ORSC,20251230 17:52:57,,,202606
8646650709585904,90032,Quartz Meadow Networks,FIXED BROADBAND,"ZTE,INDOOR,4G,CAT4 CPE,WIRELESS,K10,ROUTER TRADE",1229866,0.00,2024-11-12,ORSC,20260107 21:10:55,,,202606
8602320576853055,97095,Quartz Delta Ventures,FIXED BROADBAND,"TOZED,MIFI,4G,ZLT M30S,MODEM,ROUMOD1491,MODEM TRADE",1186254,0.00,2024-04-17,ORSC,20260216 22:13:30,,,202606
8609450675016955,121038,River Isle Ventures,FIXED BROADBAND,"ZTE,MF935,MF935,4G,MIFI,MF935,ROUTER TRADE",1212360,0.00,2024-12-23,ORSC,20260127 11:14:20,,,202606
8609450632279055,19796,Jade Lake Communications,CONNECT STORES,"ZTE,MF935,MF935,4G,MIFI,MF935,ROUTER TRADE",1212360,4065.60,2024-03-25,ORSC,20260213 22:59:07,,,202606
8609450682947155,19958,,CONNECT STORES,"ZTE,MF935,MF935,4G,MIFI,MF935,ROUTER TRADE",1212360,22577.40,2025-03-25,ORSC,20251101 20:27:36,,,202606
8611410719086055,19915,Orchid Glen Communications,DATA PARTNERS,"TOZED,MIFI,4G,ZLT M30S,MODEM,ROUMOD1491,MODEM TRADE",1186254,6000.96,2025-01-20,ORSC,20260112 12:10:52,,,202606
8611410711987155,311068,Azure Wave Networks,FIXED BROADBAND,"TOZED,MIFI,4G,ZLT M30S,MODEM,ROUMOD1491,MODEM TRADE",1186254,0.00,2025-01-28,ORSC,20250903 12:13:32,,,202606
8609450675071855,350068,Golden Vale Trading,,"ZTE,MF935,MF935,4G,MIFI,MF935,ROUTER TRADE",1212360,0.00,2024-12-19,ORSC,20260115 10:38:56,,,202606
8611410715469855,19716,Topaz Hill Communications,DATA PARTNERS,"TOZED,MIFI,4G,ZLT M30S,MODEM,ROUMOD1491,MODEM TRADE",1186254,0.00,2024-11-14,ORSC,20260222 15:16:28,,,202606
8692900509562701,19598,Olive Wave Ventures,CONNECT STORES,"ZTE,MF286C,MF286C,4G CAT6 PREMIUM OFFICE (2RJ11+4RJ45) CPE 4X4 MIMO,WIRELESS,MF286C,ROUTER TRADE",1166612,0.00,2022-07-06,ORSC,20251107 19:10:43,,,202606
8611410733204555,349067,Winter Arc Networks,PENTAGON,"TOZED,MIFI,4G,ZLT M30S,MODEM,ROUMOD1491,MODEM TRADE",1186254,69498.00,2025-03-08,ORSC,20260107 17:01:12,,,202606
8672090813409155,19327,Raven Trail Networks,DATA PARTNERS,"ZTE,MF935,MF935,4G,MIFI,MF935,ROUTER TRADE",1212360,25466.76,2025-09-11,ORSC,20260105 17:22:58,,,202606
8611410730623455,296065,River Isle Ventures,ENTERPRISE BUSINESS,"TOZED,MIFI,4G,ZLT M30S,MODEM,ROUMOD1491,MODEM TRADE",1186254,26081.83,2025-02-10,ORSC,20260216 09:32:28,,,202606
8637030559040201,19692,Laurel Grove Trading,DATA PARTNERS,"ZTE,MTNMOBILEWIRELESSWIFI,2G/3G/4G,PORTABLE WIFI HOTSPOT, INTERNET MODEM,WIRELESS,MF927U,MODEM TRADE",1059084,2356.97,2022-03-07,ORSC,20260226 08:06:38,,,202606
8646650709419804,19517,Laurel Shore Networks,DATA PARTNERS,"ZTE,INDOOR,4G,CAT4 CPE,WIRELESS,K10,ROUTER TRADE",1229866,2404.08,2024-11-13,ORSC,20260223 20:21:58,,,202606
8672090801363455,332069,Linden Light Ventures,,"ZTE,MF935,MF935,4G,MIFI,MF935,ROUTER TRADE",1212360,0.00,2025-08-19,ORSC,20260125 00:15:01,,,202606
8602320505859555,19394,Pine Lake Ventures,CONNECT STORES,"TOZED,MIFI,4G,ZLT M30S,MODEM,ROUMOD1491,MODEM TRADE",1186254,25695.60,2022-08-03,ORSC,20251010 15:40:05,,,202606
8682940743560255,349076,Hazel Coast Trading,PENTAGON,"TOZED,ROUMOD4390,ROUMOD4390,4G CPE WITH UPS,MODEM,ROUMOD4390,ROUTER TRADE",1283280,15507.75,2025-09-23,ORSC,20251020 15:26:27,,,202606
8609450613495655,19345,,CONNECT STORES,"ZTE,MF935,MF935,4G,MIFI,MF935,ROUTER TRADE",1212360,9781.17,2023-09-04,ORSC,20260113 22:08:17,,,202606
8699900613560901,19389,Sage Crown Communications,DATA PARTNERS,"ZTE,ZTE MC888D 5G CPE,ZTE MC888D 5G CPE,DEVICE,ROUTER,ZTE MC888D 5G CPE,ROUTER TRADE",1229477,1208.40,2025-05-30,ORSC,20260214 22:01:31,,,202606
8604910529781855,19782,Raven Isle Communications,DEALER,"ZLT,ROUWIR2440,ROUWIR2440,S20 4G CAT 4 WITH A PAIR OF RABBIT-EAR ANTENNAS,WIRELESS,ROUWIR2440,ROUTER TRADE",1212397,0.00,2023-05-09,ORSC,20260117 19:26:58,,,202606
8609450631830855,88031,Oak Field Communications,FIXED BROADBAND,"ZTE,MF935,MF935,4G,MIFI,MF935,ROUTER TRADE",1212360,2095.20,2024-03-22,ORSC,20251002 17:39:08,,,202606
8696010505577600,121038,River Isle Ventures,FIXED BROADBAND,"ZLT X20 5G,MODMOD2132,MODMOD2132,CPE WITH QUALCOMM CHIPSET WITHMINI UPS,MODEM,MODMOD2132,MODEM TRADE",1207941,0.00,2023-09-12,ORSC,20260122 01:25:11,,,202606
8611410730579755,98052,Ember Hill Networks,FIXED BROADBAND,"TOZED,MIFI,4G,ZLT M30S,MODEM,ROUMOD1491,MODEM TRADE",1186254,217.80,2025-02-09,ORSC,20260205 22:53:52,,,202606
8682940745173955,19392,,CONNECT STORES,"TOZED,ROUMOD4390,ROUMOD4390,4G CPE WITH UPS,MODEM,ROUMOD4390,ROUTER TRADE",1283280,13320.00,2025-09-19,ORSC,20251011 14:15:21,,,202606
8609450685802155,19554,Ruby Reach Ventures,DATA PARTNERS,"ZTE,MF935,MF935,4G,MIFI,MF935,ROUTER TRADE",1212360,26583.20,2025-02-05,ORSC,20260211 03:28:42,,,202606
8602320537705855,19424,Fern Park Communications,DATA PARTNERS,"TOZED,MIFI,4G,ZLT M30S,MODEM,ROUMOD1491,MODEM TRADE",1186254,0.00,2023-03-29,ORSC,20260227 16:00:27,,,202606
8626240514961001,19472,Laurel Horizon Communications,DATA PARTNERS,"4G CAT 6,CAT 6,4G,WITH WIRELESS EXTERNAL ANTENNA, VOICE FUNCTION, WITH 5000MAH MINI UPS,MODEM,4G CAT 6,ROUTER TRADE",1204592,0.00,2023-04-06,ORSC,20260214 19:09:50,,,202606
8602320538722655,19809,Birch Point Ventures,DATA PARTNERS,"TOZED,MIFI,4G,ZLT M30S,MODEM,ROUMOD1491,MODEM TRADE",1186254,0.00,2023-05-23,ORSC,20260225 22:21:37,,,202606
8646650773122304,337088,Sage Wood Trading,PENTAGON,"ZTE,ROUMOD4391,ROUMOD4391,4G CPE WITH UPS,MODEM,ROUMOD4391,ROUTER TRADE",1283281,4740.75,2026-01-16,ORSC,20260204 14:55:53,,,202606
8604910552719555,78073,Coral View Communications,FIXED BROADBAND,"ZLT,ROUWIR2440,ROUWIR2440,S20 4G CAT 4 WITH A PAIR OF RABBIT-EAR ANTENNAS,WIRELESS,ROUWIR2440,ROUTER TRADE",1212397,0.00,2024-01-16,ORSC,20260205 11:38:02,,,202606
8628520705950955,19427,Flint Vale Ventures,CONNECT STORES,"GENERAL,ROUWIR4260,ROUWIR4260,TOZED ZLT T30D 4G CAT 4 WIRELESS ROUTER,WIRELESS,ROUWIR4260,ROUTER TRADE",1231872,27477.60,2024-10-26,ORSC,20260203 20:05:15,,,202606
8672090812456255,19735,Elm Stone Ventures,DATA PARTNERS,"ZTE,MF935,MF935,4G,MIFI,MF935,ROUTER TRADE",1212360,22919.76,2025-08-18,ORSC,20260202 19:15:36,,,202606
8646650774773604,400090,Rowan Port Trading,,"ZTE,ROUMOD4391,ROUMOD4391,4G CPE WITH UPS,MODEM,ROUMOD4391,ROUTER TRADE",1283281,2376.20,2026-01-17,ORSC,20260211 20:16:44,,,202606
8663430622099755,223046,Ivory Brook Communications,FIXED BROADBAND,"ZTE,MF293N CAT4,MF293N CAT4,4G , CAT 4 , INDOOR CPE,WIRELESS,MF293N CAT4,ROUTER TRADE",1212364,0.00,2023-11-07,ORSC,20251012 07:59:36,,,202606
8672090804475655,19504,Raven Leaf Trading,DATA PARTNERS,"ZTE,MF935,MF935,4G,MIFI,MF935,ROUTER TRADE",1212360,1829.67,2025-09-25,ORSC,20260204 18:00:03,,,202606
8646650712885604,19951,Coral Reach Trading,DATA PARTNERS,"ZTE,INDOOR,4G,CAT4 CPE,WIRELESS,K10,ROUTER TRADE",1229866,1881.60,2024-12-20,ORSC,20260215 11:57:07,,,202606
8663430627181406,121038,River Isle Ventures,FIXED BROADBAND,"ZTE,MF293N CAT4,MF293N CAT4,4G , CAT 4 , INDOOR CPE,WIRELESS,MF293N CAT4,ROUTER TRADE",1212364,0.00,2024-01-18,ORSC,20260220 15:05:44,,,202606
8663430621985306,19640,Teal Haven Trading,DATA PARTNERS,"ZTE,MF293N CAT4,MF293N CAT4,4G , CAT 4 , INDOOR CPE,WIRELESS,MF293N CAT4,ROUTER TRADE",1212364,6335.55,2023-08-31,ORSC,20260204 11:59:24,,,202606
8628520701974255,74050,Stone Light Networks,FIXED BROADBAND,"GENERAL,ROUWIR4260,ROUWIR4260,TOZED ZLT T30D 4G CAT 4 WIRELESS ROUTER,WIRELESS,ROUWIR4260,ROUTER TRADE",1231872,0.00,2024-06-25,ORSC,20260215 16:26:52,,,202606
8602320556934855,223046,Ivory Brook Communications,FIXED BROADBAND,"TOZED,MIFI,4G,ZLT M30S,MODEM,ROUMOD1491,MODEM TRADE",1186254,5468.82,2024-01-24,ORSC,20251002 15:15:02,,,202606
8672090814005255,19345,,CONNECT STORES,"ZTE,MF935,MF935,4G,MIFI,MF935,ROUTER TRADE",1212360,39190.32,2025-09-24,ORSC,20250929 11:05:37,,,202606
8672090813895155,19533,,CONNECT STORES,"ZTE,MF935,MF935,4G,MIFI,MF935,ROUTER TRADE",1212360,63202.60,2025-08-22,ORSC,20260211 23:49:32,,,202606
8602320542379855,130061,Spruce Vale Communications,ENTERPRISE BUSINESS,"TOZED,MIFI,4G,ZLT M30S,MODEM,ROUMOD1491,MODEM TRADE",1186254,0.00,2023-08-02,ORSC,20260129 19:01:09,,,202606
8663430614852155,21247,Linden Hill Communications,DATA PARTNERS,"ZTE,MF293N CAT4,MF293N CAT4,4G , CAT 4 , INDOOR CPE,WIRELESS,MF293N CAT4,ROUTER TRADE",1212364,0.00,2024-01-31,ORSC,20260116 21:17:56,,,202606
8609450696324655,19808,Ivory Spring Networks,DATA PARTNERS,"ZTE,MF935,MF935,4G,MIFI,MF935,ROUTER TRADE",1212360,0.00,2025-05-06,ORSC,20260215 11:56:18,,,202606
8612230310848755,296076,Elm Field Ventures,PENTAGON FRANCHISE,"ASIATELCO,ROUMOD4329,ROUMOD4329,N873 4G CAT4 LED MIFI, 2100MAH,MODEM,ROUMOD4329,ROUTER TRADE",1236645,707.07,2025-06-25,ORSC,20251108 13:11:22,,,202606
8611410719880955,206055,,CONNECT STORES,"TOZED,MIFI,4G,ZLT M30S,MODEM,ROUMOD1491,MODEM TRADE",1186254,17145.86,2025-01-21,ORSC,20260227 10:23:07,,,202606
8604910557226555,95039,Pearl Haven Ventures,FIXED BROADBAND,"ZLT,ROUWIR2440,ROUWIR2440,S20 4G CAT 4 WITH A PAIR OF RABBIT-EAR ANTENNAS,WIRELESS,ROUWIR2440,ROUTER TRADE",1212397,37832.40,2024-02-02,ORSC,20260226 15:48:16,,,202606
8663030307086855,19369,,CONNECT STORES,"ASIATELCO,ROUWIR4330,ROUWIR4330,GL738 4G CAT4 CPE PLUS UPS, 5000MAH,WIRELESS,ROUWIR4330,ROUTER TRADE",1236646,0.00,2025-04-17,ORSC,20260210 18:34:30,,,202606
8682940744787955,19594,,CONNECT STORES,"TOZED,ROUMOD4390,ROUMOD4390,4G CPE WITH UPS,MODEM,ROUMOD4390,ROUTER TRADE",1283280,0.00,2025-09-13,ORSC,20260115 11:46:43,,,202606
8602320524380855,45024,Crystal Wind Ventures,DATA PARTNERS,"TOZED,MIFI,4G,ZLT M30S,MODEM,ROUMOD1491,MODEM TRADE",1186254,10926.72,2022-12-19,ORSC,20260211 09:30:21,,,202606
8611410728301555,19793,,CONNECT STORES,"TOZED,MIFI,4G,ZLT M30S,MODEM,ROUMOD1491,MODEM TRADE",1186254,0.00,2025-02-25,ORSC,20251216 23:21:32,,,202606
8611630702159455,19958,,CONNECT STORES,"TOZED,ROUMIF4389,ROUMIF4389,4G MIFI,MIFI,ROUMIF4389,ROUTER TRADE",1283279,31887.93,2025-09-02,ORSC,20260227 15:48:10,,,202606
8611410725925655,83034,Elm Stream Trading,FIXED BROADBAND,"TOZED,MIFI,4G,ZLT M30S,MODEM,ROUMOD1491,MODEM TRADE",1186254,10264.32,2025-02-11,ORSC,20251231 16:47:41,,,202606
8626240510433801,19675,Dawn Path Ventures,DATA PARTNERS,"4G CAT 6,CAT 6,4G,WITH WIRELESS EXTERNAL ANTENNA, VOICE FUNCTION, WITH 5000MAH MINI UPS,MODEM,4G CAT 6,ROUTER TRADE",1204592,49050.00,2023-01-20,ORSC,20260207 19:25:26,,,202606
8611410727176155,19347,,CONNECT STORES,"TOZED,MIFI,4G,ZLT M30S,MODEM,ROUMOD1491,MODEM TRADE",1186254,2110.90,2025-02-28,ORSC,20260227 17:27:29,,,202606
8611410720641555,98052,Ember Hill Networks,FIXED BROADBAND,"TOZED,MIFI,4G,ZLT M30S,MODEM,ROUMOD1491,MODEM TRADE",1186254,21757.70,2025-01-17,ORSC,20260227 14:43:41,,,202606
8682940751204855,19793,,CONNECT STORES,"TOZED,ROUMOD4390,ROUMOD4390,4G CPE WITH UPS,MODEM,ROUMOD4390,ROUTER TRADE",1283280,0.00,2025-12-22,ORSC,20260216 11:35:42,,,202606
8602320545631655,19549,,CONNECT STORES,"TOZED,MIFI,4G,ZLT M30S,MODEM,ROUMOD1491,MODEM TRADE",1186254,27617.20,2023-06-23,ORSC,20251030 22:41:25,,,202606
8602320554551455,19462,Orchid View Networks,DEALER,"TOZED,MIFI,4G,ZLT M30S,MODEM,ROUMOD1491,MODEM TRADE",1186254,0.00,2023-10-04,ORSC,20251218 19:54:52,,,202606
8609450637677755,19761,Ivory Peak Networks,DATA PARTNERS,"ZTE,MF935,MF935,4G,MIFI,MF935,ROUTER TRADE",1212360,15737.29,2024-05-16,ORSC,20260227 17:14:48,,,202606
8615550680535904,68028,Teal Delta Ventures,ENTERPRISE BUSINESS,"ZTE,INDOOR,4G,CAT4 CPE,WIRELESS,K10,ROUTER TRADE",1229866,28649.25,2024-08-29,ORSC,20260203 15:09:54,,,202606
8609450641058155,60025,Forest Arc Trading,DATA PARTNERS,"ZTE,MF935,MF935,4G,MIFI,MF935,ROUTER TRADE",1212360,21991.61,2024-04-30,ORSC,20260207 00:04:48,,,202606
8602320555448355,19518,Harbor Lake Networks,DATA PARTNERS,"TOZED,MIFI,4G,ZLT M30S,MODEM,ROUMOD1491,MODEM TRADE",1186254,10904.91,2023-11-02,ORSC,20260211 13:46:16,,,202606
8609450676746255,347066,Aspen Glen Communications,FIXED BROADBAND,"ZTE,MF935,MF935,4G,MIFI,MF935,ROUTER TRADE",1212360,712.80,2024-12-27,ORSC,20260204 23:13:00,,,202606
8609450682346155,295082,Harbor Grove Networks,PENTAGON FRANCHISE,"ZTE,MF935,MF935,4G,MIFI,MF935,ROUTER TRADE",1212360,61245.14,2025-03-07,ORSC,20251129 07:55:02,,,202606
8646650712815404,310070,Silver Path Trading,PENTAGON FRANCHISE,"ZTE,INDOOR,4G,CAT4 CPE,WIRELESS,K10,ROUTER TRADE",1229866,0.00,2025-01-27,ORSC,20260202 21:27:52,,,202606
8609450692688555,347062,Harbor Field Networks,,"ZTE,MF935,MF935,4G,MIFI,MF935,ROUTER TRADE",1212360,12781.32,2025-05-27,ORSC,20251109 11:52:26,,,202606
8646650774625604,19960,,CONNECT STORES,"ZTE,ROUMOD4391,ROUMOD4391,4G CPE WITH UPS,MODEM,ROUMOD4391,ROUTER TRADE",1283281,9576.00,2025-11-24,ORSC,20260114 10:22:10,,,202606
8602320571971555,98053,Raven Sky Networks,FIXED BROADBAND,"TOZED,MIFI,4G,ZLT M30S,MODEM,ROUMOD1491,MODEM TRADE",1186254,7797.00,2024-03-12,ORSC,20260226 20:55:50,,,202606
8611630706149155,254048,Juniper Shore Communications,ENTERPRISE BUSINESS,"TOZED,ROUMIF4389,ROUMIF4389,4G MIFI,MIFI,ROUMIF4389,ROUTER TRADE",1283279,0.00,2026-01-15,ORSC,20260225 13:58:46,,,202606
8611410713497455,296065,River Isle Ventures,ENTERPRISE BUSINESS,"TOZED,MIFI,4G,ZLT M30S,MODEM,ROUMOD1491,MODEM TRADE",1186254,94185.00,2024-11-11,ORSC,20251108 09:12:40,,,202606
8612230312099055,255074,Teal Stream Networks,ENTERPRISE BUSINESS,"ASIATELCO,ROUMOD4329,ROUMOD4329,N873 4G CAT4 LED MIFI, 2100MAH,MODEM,ROUMOD4329,ROUTER TRADE",1236645,17965.50,2025-05-16,ORSC,20260215 10:25:35,,,202606
8615550687792904,19808,Ivory Spring Networks,DATA PARTNERS,"ZTE,INDOOR,4G,CAT4 CPE,WIRELESS,K10,ROUTER TRADE",1229866,0.00,2024-10-08,ORSC,20260128 07:10:23,,,202606
8611410712705855,50046,Maple Wind Communications,DATA PARTNERS,"TOZED,MIFI,4G,ZLT M30S,MODEM,ROUMOD1491,MODEM TRADE",1186254,0.00,2025-01-17,ORSC,20251120 14:16:33,,,202606
8609450686223755,74049,Linden Park Communications,ENTERPRISE BUSINESS,"ZTE,MF935,MF935,4G,MIFI,MF935,ROUTER TRADE",1212360,14580.00,2025-01-25,ORSC,20260226 14:51:25,,,202606
8609450621641355,19664,Cedar Stone Communications,DATA PARTNERS,"ZTE,MF935,MF935,4G,MIFI,MF935,ROUTER TRADE",1212360,89271.00,2023-11-05,ORSC,20260219 08:57:28,,,202606
8626240510528001,19392,Pine Lake Ventures,CONNECT STORES,"4G CAT 6,CAT 6,4G,WITH WIRELESS EXTERNAL ANTENNA, VOICE FUNCTION, WITH 5000MAH MINI UPS,MODEM,4G CAT 6,ROUTER TRADE",1204592,0.00,2022-12-14,ORSC,20260117 08:48:38,,,202606
8672090808442055,19420,Stone Ridge Trading,DATA PARTNERS,"ZTE,MF935,MF935,4G,MIFI,MF935,ROUTER TRADE",1212360,7742.25,2025-09-16,ORSC,20251214 09:23:30,,,202606
8609450637704855,19837,Jade Haven Trading,DATA PARTNERS,"ZTE,MF935,MF935,4G,MIFI,MF935,ROUTER TRADE",1212360,3684.80,2024-04-20,ORSC,20260219 13:34:55,,,202606
8609450682734855,21247,Linden Hill Communications,DATA PARTNERS,"ZTE,MF935,MF935,4G,MIFI,MF935,ROUTER TRADE",1212360,2361.70,2025-03-11,ORSC,20260206 13:54:40,,,202606
8609450687386855,19796,,CONNECT STORES,"ZTE,MF935,MF935,4G,MIFI,MF935,ROUTER TRADE",1212360,21242.30,2025-03-25,ORSC,20260128 08:40:54,,,202606
8626240521964201,257067,Laurel Dale Ventures,ENTERPRISE BUSINESS,"TOZED,ZLT S50 CAT6,ZLT S50 CAT6,4G , CAT 6 , INDOOR CPE,WIRELESS,ZLT S50 CAT6,ROUTER TRADE",1212361,0.00,2024-05-27,ORSC,20260104 04:47:20,,,202606
8637030556060201,19473,Stone Horizon Ventures,DEALER,"ZTE,MTNMOBILEWIRELESSWIFI,2G/3G/4G,PORTABLE WIFI HOTSPOT, INTERNET MODEM,WIRELESS,MF927U,MODEM TRADE",1059084,0.00,2022-04-11,ORSC,20260101 15:58:21,,,202606
8682940745942255,350061,Olive Stream Ventures,PENTAGON,"TOZED,ROUMOD4390,ROUMOD4390,4G CPE WITH UPS,MODEM,ROUMOD4390,ROUTER TRADE",1283280,0.00,2025-08-21,ORSC,20251113 14:58:45,,,202606
8609450694455855,19469,Jade Spring Ventures,DATA PARTNERS,"ZTE,MF935,MF935,4G,MIFI,MF935,ROUTER TRADE",1212360,11770.00,2025-05-20,ORSC,20260121 15:00:12,,,202606
8679090700461901,98052,Ember Hill Networks,FIXED BROADBAND,"TOZED,ROUMOD4393,ROUMOD4393,5G CPE WITH UPS,MODEM,ROUMOD4393,ROUTER TRADE",1283282,26179.20,2025-06-30,ORSC,20260204 15:48:06,,,202606
8604910553872955,19516,Aspen Reach Communications,DATA PARTNERS,"ZLT,ROUWIR2440,ROUWIR2440,S20 4G CAT 4 WITH A PAIR OF RABBIT-EAR ANTENNAS,WIRELESS,ROUWIR2440,ROUTER TRADE",1212397,0.00,2023-10-31,ORSC,20260204 09:00:53,,,202606
8609450692918855,19357,Quartz Meadow Networks,DATA PARTNERS,"ZTE,MF935,MF935,4G,MIFI,MF935,ROUTER TRADE",1212360,0.00,2025-05-28,ORSC,20260131 18:42:59,,,202606
8609450643044655,19793,,CONNECT STORES,"ZTE,MF935,MF935,4G,MIFI,MF935,ROUTER TRADE",1212360,0.00,2024-07-26,ORSC,20251019 08:19:36,,,202606
8646650719142404,19755,Amber View Ventures,DEALER,"ZTE,INDOOR,4G,CAT4 CPE,WIRELESS,K10,ROUTER TRADE",1229866,1746.36,2025-02-14,ORSC,20260214 16:47:12,,,202606
8602320515593955,71031,Forest Bridge Networks,DATA PARTNERS,"TOZED,MIFI,4G,ZLT M30S,MODEM,ROUMOD1491,MODEM TRADE",1186254,1197.80,2022-12-12,ORSC,20260202 20:31:57,,,202606
8609450615838255,19411,Jade Lake Ventures,DEALER,"ZTE,MF935,MF935,4G,MIFI,MF935,ROUTER TRADE",1212360,0.00,2023-11-14,ORSC,20260120 20:57:49,,,202606
8602320524414555,19658,Fern Meadow Communications,DATA PARTNERS,"TOZED,MIFI,4G,ZLT M30S,MODEM,ROUMOD1491,MODEM TRADE",1186254,0.00,2023-01-09,ORSC,20260204 22:42:02,,,202606
8612230304447855,19880,,CONNECT STORES,"ASIATELCO,ROUMOD4329,ROUMOD4329,N873 4G CAT4 LED MIFI, 2100MAH,MODEM,ROUMOD4329,ROUTER TRADE",1236645,16824.15,2025-05-19,ORSC,20260224 17:57:43,,,202606
8693380705204904,54253,Topaz Haven Ventures,DATA PARTNERS,"ZTE,ROUMOD4394,ROUMOD4394,5G CPE WITH UPS,MODEM,ROUMOD4394,ROUTER TRADE",1283283,0.00,2025-09-30,ORSC,20260227 18:21:13,,,202606
8611630705175555,19903,,CONNECT STORES,"TOZED,ROUMIF4389,ROUMIF4389,4G MIFI,MIFI,ROUMIF4389,ROUTER TRADE",1283279,0.00,2025-11-28,ORSC,20260112 11:03:02,,,202606
8663430622351306,19343,,CONNECT STORES,"ZTE,MF293N CAT4,MF293N CAT4,4G , CAT 4 , INDOOR CPE,WIRELESS,MF293N CAT4,ROUTER TRADE",1212364,0.00,2023-10-06,ORSC,20260218 01:19:57,,,202606
8609450690476255,350060,Amber Hill Trading,PENTAGON,"ZTE,MF935,MF935,4G,MIFI,MF935,ROUTER TRADE",1212360,603.53,2025-04-17,ORSC,20251004 13:25:33,,,202606
8612230312003955,253047,Raven Moon Communications,ENTERPRISE BUSINESS,"ASIATELCO,ROUMOD4329,ROUMOD4329,N873 4G CAT4 LED MIFI, 2100MAH,MODEM,ROUMOD4329,ROUTER TRADE",1236645,6489.45,2025-05-30,ORSC,20260227 23:19:36,,,202606
8609450616764455,19678,Quartz Dale Ventures,DATA PARTNERS,"ZTE,MF935,MF935,4G,MIFI,MF935,ROUTER TRADE",1212360,43081.88,2023-10-28,ORSC,20260209 11:21:16,,,202606
8602320545916855,19448,Hazel Meadow Trading,DATA PARTNERS,"TOZED,MIFI,4G,ZLT M30S,MODEM,ROUMOD1491,MODEM TRADE",1186254,0.00,2023-05-31,ORSC,20251102 23:56:28,,,202606
8682940751901555,265054,Raven Arc Ventures,FIXED BROADBAND,"TOZED,ROUMOD4390,ROUMOD4390,4G CPE WITH UPS,MODEM,ROUMOD4390,ROUTER TRADE",1283280,0.00,2026-01-18,ORSC,20260219 01:08:55,,,202606
8693380714406304,19437,,CONNECT STORES,"ZTE,ROUMOD4394,ROUMOD4394,5G CPE WITH UPS,MODEM,ROUMOD4394,ROUTER TRADE",1283283,0.00,2025-11-27,ORSC,20251218 12:58:27,,,202606
8602320563769555,19488,Crystal Summit Networks,DATA PARTNERS,"TOZED,MIFI,4G,ZLT M30S,MODEM,ROUMOD1491,MODEM TRADE",1186254,39604.39,2024-01-31,ORSC,20260212 18:56:31,,,202606
8682940751313655,19643,,CONNECT STORES,"TOZED,ROUMOD4390,ROUMOD4390,4G CPE WITH UPS,MODEM,ROUMOD4390,ROUTER TRADE",1283280,0.00,2025-09-20,ORSC,20260202 16:08:53,,,202606
8612230303362755,26036,Hazel Ridge Networks,DATA PARTNERS,"ASIATELCO,ROUMOD4329,ROUMOD4329,N873 4G CAT4 LED MIFI, 2100MAH,MODEM,ROUMOD4329,ROUTER TRADE",1236645,934.92,2024-12-10,ORSC,20260207 14:22:54,,,202606
8602320553556755,19501,Laurel Peak Networks,DATA PARTNERS,"TOZED,MIFI,4G,ZLT M30S,MODEM,ROUMOD1491,MODEM TRADE",1186254,7969.73,2023-10-07,ORSC,20260213 09:57:09,,,202606
8682940752289355,19597,,CONNECT STORES,"TOZED,ROUMOD4390,ROUMOD4390,4G CPE WITH UPS,MODEM,ROUMOD4390,ROUTER TRADE",1283280,8942.40,2025-12-22,ORSC,20260207 12:39:55,,,202606
8672090804103055,206055,,CONNECT STORES,"ZTE,MF935,MF935,4G,MIFI,MF935,ROUTER TRADE",1212360,5053.29,2025-07-31,ORSC,20251030 10:54:59,,,202606
8672090808112955,19437,,CONNECT STORES,"ZTE,MF935,MF935,4G,MIFI,MF935,ROUTER TRADE",1212360,3619.00,2025-12-11,ORSC,20260204 20:25:25,,,202606
8602320576734955,115058,Juniper Bridge Trading,CONNECT STORES,"TOZED,MIFI,4G,ZLT M30S,MODEM,ROUMOD1491,MODEM TRADE",1186254,24675.30,2024-04-08,ORSC,20260108 16:26:54,,,202606
8646650768516104,19582,,CONNECT STORES,"ZTE,ROUMOD4391,ROUMOD4391,4G CPE WITH UPS,MODEM,ROUMOD4391,ROUTER TRADE",1283281,1596.67,2025-09-17,ORSC,20260131 09:42:41,,,202606
8663030307489455,239048,Stone Leaf Networks,FIXED BROADBAND,"ASIATELCO,ROUWIR4330,ROUWIR4330,GL738 4G CAT4 CPE PLUS UPS, 5000MAH,WIRELESS,ROUWIR4330,ROUTER TRADE",1236646,2192.20,2025-04-25,ORSC,20251226 17:32:49,,,202606
8672090814548755,379092,Azure Trail Networks,PENTAGON,"ZTE,MF935,MF935,4G,MIFI,MF935,ROUTER TRADE",1212360,1552.91,2025-08-14,ORSC,20260128 15:34:48,,,202606
8626240515090901,19424,Fern Park Communications,DATA PARTNERS,"4G CAT 6,CAT 6,4G,WITH WIRELESS EXTERNAL ANTENNA, VOICE FUNCTION, WITH 5000MAH MINI UPS,MODEM,4G CAT 6,ROUTER TRADE",1204592,20265.30,2023-03-16,ORSC,20260124 21:41:18,,,202606
8646650712548755,74050,Stone Light Networks,FIXED BROADBAND,"ZTE,INDOOR,4G,CAT4 CPE,WIRELESS,K10,ROUTER TRADE",1229866,14080.50,2024-12-27,ORSC,20251030 13:01:56,,,202606
8609450607755555,50046,Maple Wind Communications,DATA PARTNERS,"ZTE,MF935,MF935,4G,MIFI,MF935,ROUTER TRADE",1212360,10157.34,2023-09-13,ORSC,20260222 15:22:42,,,202606
8611410719675555,19556,,CONNECT STORES,"TOZED,MIFI,4G,ZLT M30S,MODEM,ROUMOD1491,MODEM TRADE",1186254,0.00,2025-01-17,ORSC,20260225 23:54:03,,,202606
8623780605529001,332062,Laurel Coast Communications,PENTAGON,"TOZED,MODWIR4342,MODWIR4342,5G CPE WIFI 6 AX1800 WITH UPS50,WIRELESS,MODWIR4342,MODEM TRADE",1280129,78146.10,2025-04-09,ORSC,20260224 00:25:48,,,202606
8602320572922255,19910,Jade Light Networks,DATA PARTNERS,"TOZED,MIFI,4G,ZLT M30S,MODEM,ROUMOD1491,MODEM TRADE",1186254,11199.97,2024-06-11,ORSC,20260205 20:10:26,,,202606
8682940751204455,19793,,CONNECT STORES,"TOZED,ROUMOD4390,ROUMOD4390,4G CPE WITH UPS,MODEM,ROUMOD4390,ROUTER TRADE",1283280,10395.00,2025-12-22,ORSC,20260206 10:08:23,,,202606
8602320543303555,19469,Jade Spring Ventures,DATA PARTNERS,"TOZED,MIFI,4G,ZLT M30S,MODEM,ROUMOD1491,MODEM TRADE",1186254,6059.49,2023-03-28,ORSC,20260215 09:43:18,,,202606
8663430620500806,19554,Ruby Reach Ventures,DATA PARTNERS,"ZTE,MF293N CAT4,MF293N CAT4,4G , CAT 4 , INDOOR CPE,WIRELESS,MF293N CAT4,ROUTER TRADE",1212364,0.00,2023-10-17,ORSC,20260118 09:04:35,,,202606
8672090813418955,19596,,CONNECT STORES,"ZTE,MF935,MF935,4G,MIFI,MF935,ROUTER TRADE",1212360,64193.04,2025-09-19,ORSC,20260224 00:26:09,,,202606
8609450617921055,19357,Quartz Meadow Networks,DATA PARTNERS,"ZTE,MF935,MF935,4G,MIFI,MF935,ROUTER TRADE",1212360,23590.76,2023-11-13,ORSC,20260222 00:29:28,,,202606
8626240521910601,275053,Opal Dale Networks,ENTERPRISE BUSINESS,"TOZED,ZLT S50 CAT6,ZLT S50 CAT6,4G , CAT 6 , INDOOR CPE,WIRELESS,ZLT S50 CAT6,ROUTER TRADE",1212361,9487.50,2024-05-14,ORSC,20260126 14:28:07,,,202606
8602320585145855,311077,Flint Grove Trading,,"TOZED,MIFI,4G,ZLT M30S,MODEM,ROUMOD1491,MODEM TRADE",1186254,0.00,2024-07-10,ORSC,20260223 12:55:16,,,202606
8611410714376255,257067,Laurel Dale Ventures,ENTERPRISE BUSINESS,"TOZED,MIFI,4G,ZLT M30S,MODEM,ROUMOD1491,MODEM TRADE",1186254,0.00,2024-11-11,ORSC,20251220 22:24:31,,,202606
8602320566045155,19448,Hazel Meadow Trading,DATA PARTNERS,"TOZED,MIFI,4G,ZLT M30S,MODEM,ROUMOD1491,MODEM TRADE",1186254,14811.48,2024-03-04,ORSC,20260225 12:44:07,,,202606
8663430619774755,98053,Raven Sky Networks,FIXED BROADBAND,"ZTE,MF293N CAT4,MF293N CAT4,4G , CAT 4 , INDOOR CPE,WIRELESS,MF293N CAT4,ROUTER TRADE",1212364,28933.20,2023-09-19,ORSC,20251126 21:53:41,,,202606
8682940751206455,19793,,CONNECT STORES,"TOZED,ROUMOD4390,ROUMOD4390,4G CPE WITH UPS,MODEM,ROUMOD4390,ROUTER TRADE",1283280,0.00,2025-12-22,ORSC,20260216 16:27:10,,,202606
8609450643141155,19901,,CONNECT STORES,"ZTE,MF935,MF935,4G,MIFI,MF935,ROUTER TRADE",1212360,31568.24,2024-07-19,ORSC,20260218 21:37:19,,,202606
8699900613367201,357098,Fern Meadow Ventures,PENTAGON,"ZTE,ZTE MC888D 5G CPE,ZTE MC888D 5G CPE,DEVICE,ROUTER,ZTE MC888D 5G CPE,ROUTER TRADE",1229477,51948.00,2025-05-29,ORSC,20251130 14:46:37,,,202606
8679090702343601,26034,Forest Sky Trading,DATA PARTNERS,"TOZED,ROUMOD4393,ROUMOD4393,5G CPE WITH UPS,MODEM,ROUMOD4393,ROUTER TRADE",1283282,14537.60,2025-09-30,ORSC,20251206 11:07:25,,,202606
8602320537897555,90031,Indigo Haven Trading,FIXED BROADBAND,"TOZED,MIFI,4G,ZLT M30S,MODEM,ROUMOD1491,MODEM TRADE",1186254,0.00,2023-03-30,ORSC,20260113 19:59:57,,,202606
8611410722813055,353061,Forest Reach Communications,,"TOZED,MIFI,4G,ZLT M30S,MODEM,ROUMOD1491,MODEM TRADE",1186254,410.40,2025-01-20,ORSC,20260209 21:29:26,,,202606
8602320528769455,19902,,CONNECT STORES,"TOZED,MIFI,4G,ZLT M30S,MODEM,ROUMOD1491,MODEM TRADE",1186254,8228.25,2026-01-10,ORSC,20260123 16:29:21,,,202606
8626240509929701,121038,River Isle Ventures,FIXED BROADBAND,"WIRELESS EXTERNAL ANTENNA, WITH VOICE FUNCTION, WITH 5000MAH MINI UPS, 4G CAT 6, ANTENNA, UNIT TRADE",1204592,15288.00,2022-12-19,ORSC,20260103 18:50:26,,,202606
8663030306273455,349071,Birch Delta Trading,PENTAGON,"ASIATELCO,ROUWIR4330,ROUWIR4330,GL738 4G CAT4 CPE PLUS UPS, 5000MAH,WIRELESS,ROUWIR4330,ROUTER TRADE",1236646,7314.00,2025-03-07,ORSC,20260215 19:03:36,,,202606
8612230311639055,349067,Winter Arc Networks,PENTAGON,"ASIATELCO,ROUMOD4329,ROUMOD4329,N873 4G CAT4 LED MIFI, 2100MAH,MODEM,ROUMOD4329,ROUTER TRADE",1236645,2189.22,2025-07-31,ORSC,20260216 19:41:50,,,202606
8696010502387500,19618,Golden Moon Communications,CONNECT STORES,"TOZED,MODOUT1813,MODOUT1813,ZLT X20 5G CPE,OUTDOOR,MODOUT1813,MODEM TRADE",1199811,9136.80,2024-03-23,ORSC,20251216 05:47:27,,,202606
8611410724718055,319058,Ocean Coast Ventures,,"TOZED,MIFI,4G,ZLT M30S,MODEM,ROUMOD1491,MODEM TRADE",1186254,0.00,2025-03-03,ORSC,20260120 10:19:09,,,202606
8612230307242155,19622,Ember Crest Networks,DATA PARTNERS,"ASIATELCO,ROUMOD4329,ROUMOD4329,N873 4G CAT4 LED MIFI, 2100MAH,MODEM,ROUMOD4329,ROUTER TRADE",1236645,11616.00,2025-04-22,ORSC,20260225 00:02:22,,,202606
8602320538656955,73037,Azure Trail Networks,ENTERPRISE BUSINESS,"TOZED,MIFI,4G,ZLT M30S,MODEM,ROUMOD1491,MODEM TRADE",1186254,1076.70,2023-05-26,ORSC,20260226 14:33:25,,,202606
8611410730319655,98052,Ember Hill Networks,FIXED BROADBAND,"TOZED,MIFI,4G,ZLT M30S,MODEM,ROUMOD1491,MODEM TRADE",1186254,69148.80,2025-02-15,ORSC,20260119 10:02:57,,,202606
8612230312232955,19537,,CONNECT STORES,"ASIATELCO,ROUMOD4329,ROUMOD4329,N873 4G CAT4 LED MIFI, 2100MAH,MODEM,ROUMOD4329,ROUTER TRADE",1236645,0.00,2025-05-19,ORSC,20260115 18:51:53,,,202606
8609450684872855,336060,Orchid Sky Communications,,"ZTE,MF935,MF935,4G,MIFI,MF935,ROUTER TRADE",1212360,41575.80,2025-03-07,ORSC,20260227 15:04:21,,,202606
8602320576662955,19327,Raven Trail Networks,DATA PARTNERS,"TOZED,MIFI,4G,ZLT M30S,MODEM,ROUMOD1491,MODEM TRADE",1186254,25959.53,2024-04-05,ORSC,20260213 18:45:39,,,202606
8611410727688955,19959,,CONNECT STORES,"TOZED,MIFI,4G,ZLT M30S,MODEM,ROUMOD1491,MODEM TRADE",1186254,0.00,2025-02-13,ORSC,20251104 03:10:26,,,202606
8682940743802855,159043,Aspen Sky Trading,CONNECT STORES,"TOZED,ROUMOD4390,ROUMOD4390,4G CPE WITH UPS,MODEM,ROUMOD4390,ROUTER TRADE",1283280,4127.00,2025-08-20,ORSC,20251126 16:28:59,,,202606
