mon_period,dealer_id,imei,subscription_commission_ngn,subscription_settled_ngn,statement_reference,settlement_reference
202601,107037,982026010000038,1893.00,0.00,DEMO-SUB-202601-107037,
202601,110035,982026010000040,697.00,697.00,DEMO-SUB-202601-110035,DEMO-PAY-202601-110035
202601,115058,982026010000160,1132.00,0.00,DEMO-SUB-202601-115058,
202601,121038,982026010000050,0.00,0.00,DEMO-SUB-202601-121038,
202601,121038,982026010000070,0.00,0.00,DEMO-SUB-202601-121038,
202601,121038,982026010000085,0.00,0.00,DEMO-SUB-202601-121038,
202601,121038,982026010000187,984.00,492.00,DEMO-SUB-202601-121038,DEMO-PAY-202601-121038
202601,130061,982026010000091,0.00,0.00,DEMO-SUB-202601-130061,
202601,148031,982026010000016,0.00,0.00,DEMO-SUB-202601-148031,
202601,159043,982026010000199,519.00,0.00,DEMO-SUB-202601-159043,
202601,19327,982026010000059,607.00,607.00,DEMO-SUB-202601-19327,DEMO-PAY-202601-19327
202601,19327,982026010000197,872.00,872.00,DEMO-SUB-202601-19327,DEMO-PAY-202601-19327
202601,19343,982026010000146,0.00,0.00,DEMO-SUB-202601-19343,
202601,19345,982026010000066,615.00,307.50,DEMO-SUB-202601-19345,DEMO-PAY-202601-19345
202601,19345,982026010000089,1742.00,871.00,DEMO-SUB-202601-19345,DEMO-PAY-202601-19345
202601,19347,982026010000104,437.00,218.50,DEMO-SUB-202601-19347,DEMO-PAY-202601-19347
202601,19357,982026010000137,0.00,0.00,DEMO-SUB-202601-19357,
202601,19357,982026010000174,1289.00,0.00,DEMO-SUB-202601-19357,
202601,19369,982026010000097,0.00,0.00,DEMO-SUB-202601-19369,
202601,19386,982026010000007,1709.00,1709.00,DEMO-SUB-202601-19386,DEMO-PAY-202601-19386
202601,19389,982026010000067,1032.00,516.00,DEMO-SUB-202601-19389,DEMO-PAY-202601-19389
202601,19392,982026010000072,1080.00,1080.00,DEMO-SUB-202601-19392,DEMO-PAY-202601-19392
202601,19392,982026010000126,0.00,0.00,DEMO-SUB-202601-19392,
202601,19394,982026010000064,1655.00,0.00,DEMO-SUB-202601-19394,
202601,19410,982026010000008,0.00,0.00,DEMO-SUB-202601-19410,
202601,19411,982026010000141,0.00,0.00,DEMO-SUB-202601-19411,
202601,19420,982026010000127,826.00,413.00,DEMO-SUB-202601-19420,DEMO-PAY-202601-19420
202601,19424,982026010000074,0.00,0.00,DEMO-SUB-202601-19424,
202601,19424,982026010000164,1506.00,753.00,DEMO-SUB-202601-19424,DEMO-PAY-202601-19424
202601,19427,982026010000079,938.00,0.00,DEMO-SUB-202601-19427,
202601,19437,982026010000152,0.00,0.00,DEMO-SUB-202601-19437,
202601,19437,982026010000159,1197.00,1197.00,DEMO-SUB-202601-19437,DEMO-PAY-202601-19437
202601,19448,982026010000150,0.00,0.00,DEMO-SUB-202601-19448,
202601,19448,982026010000178,863.00,863.00,DEMO-SUB-202601-19448,DEMO-PAY-202601-19448
202601,19462,982026010000108,0.00,0.00,DEMO-SUB-202601-19462,
202601,19469,982026010000134,1252.00,1252.00,DEMO-SUB-202601-19469,DEMO-PAY-202601-19469
202601,19469,982026010000171,1396.00,1396.00,DEMO-SUB-202601-19469,DEMO-PAY-202601-19469
202601,19472,982026010000075,0.00,0.00,DEMO-SUB-202601-19472,
202601,19473,982026010000132,0.00,0.00,DEMO-SUB-202601-19473,
202601,19477,982026010000014,1143.00,571.50,DEMO-SUB-202601-19477,DEMO-PAY-202601-19477
202601,19484,982026010000015,0.00,0.00,DEMO-SUB-202601-19484,
202601,19488,982026010000153,889.00,444.50,DEMO-SUB-202601-19488,DEMO-PAY-202601-19488
202601,19492,982026010000033,170.00,0.00,DEMO-SUB-202601-19492,
202601,19501,982026010000156,1768.00,1768.00,DEMO-SUB-202601-19501,DEMO-PAY-202601-19501
202601,19502,982026010000004,1095.00,1095.00,DEMO-SUB-202601-19502,DEMO-PAY-202601-19502
202601,19504,982026010000083,922.00,922.00,DEMO-SUB-202601-19504,DEMO-PAY-202601-19504
202601,19505,982026010000034,860.00,860.00,DEMO-SUB-202601-19505,DEMO-PAY-202601-19505
202601,19516,982026010000136,0.00,0.00,DEMO-SUB-202601-19516,
202601,19517,982026010000062,1040.00,1040.00,DEMO-SUB-202601-19517,DEMO-PAY-202601-19517
202601,19518,982026010000112,819.00,409.50,DEMO-SUB-202601-19518,DEMO-PAY-202601-19518
202601,19533,982026010000090,1019.00,0.00,DEMO-SUB-202601-19533,
202601,19537,982026010000195,0.00,0.00,DEMO-SUB-202601-19537,
202601,19549,982026010000107,620.00,310.00,DEMO-SUB-202601-19549,DEMO-PAY-202601-19549
202601,19554,982026010000073,823.00,0.00,DEMO-SUB-202601-19554,
202601,19554,982026010000172,0.00,0.00,DEMO-SUB-202601-19554,
202601,19555,982026010000024,1597.00,0.00,DEMO-SUB-202601-19555,
202601,19556,982026010000167,0.00,0.00,DEMO-SUB-202601-19556,
202601,19559,982026010000022,0.00,0.00,DEMO-SUB-202601-19559,
202601,19577,982026010000044,1900.00,950.00,DEMO-SUB-202601-19577,DEMO-PAY-202601-19577
202601,19582,982026010000161,1053.00,526.50,DEMO-SUB-202601-19582,DEMO-PAY-202601-19582
202601,19590,982026010000045,626.00,313.00,DEMO-SUB-202601-19590,DEMO-PAY-202601-19590
202601,19594,982026010000098,0.00,0.00,DEMO-SUB-202601-19594,
202601,19596,982026010000173,1245.00,1245.00,DEMO-SUB-202601-19596,DEMO-PAY-202601-19596
202601,19597,982026010000157,1235.00,0.00,DEMO-SUB-202601-19597,
202601,19598,982026010000057,0.00,0.00,DEMO-SUB-202601-19598,
202601,19618,982026010000190,1769.00,1769.00,DEMO-SUB-202601-19618,DEMO-PAY-202601-19618
202601,19622,982026010000192,1898.00,1898.00,DEMO-SUB-202601-19622,DEMO-PAY-202601-19622
202601,19640,982026010000086,1300.00,1300.00,DEMO-SUB-202601-19640,DEMO-PAY-202601-19640
202601,19643,982026010000154,0.00,0.00,DEMO-SUB-202601-19643,
202601,19646,982026010000035,0.00,0.00,DEMO-SUB-202601-19646,
202601,19657,982026010000000,0.00,0.00,DEMO-SUB-202601-19657,
202601,19658,982026010000142,0.00,0.00,DEMO-SUB-202601-19658,
202601,19664,982026010000125,1279.00,639.50,DEMO-SUB-202601-19664,DEMO-PAY-202601-19664
202601,19675,982026010000103,1592.00,796.00,DEMO-SUB-202601-19675,DEMO-PAY-202601-19675
202601,19678,982026010000149,1379.00,0.00,DEMO-SUB-202601-19678,
202601,19686,982026010000010,0.00,0.00,DEMO-SUB-202601-19686,
202601,19687,982026010000031,0.00,0.00,DEMO-SUB-202601-19687,
202601,19692,982026010000061,583.00,0.00,DEMO-SUB-202601-19692,
202601,19713,982026010000023,1616.00,808.00,DEMO-SUB-202601-19713,DEMO-PAY-202601-19713
202601,19716,982026010000056,0.00,0.00,DEMO-SUB-202601-19716,
202601,19735,982026010000080,786.00,393.00,DEMO-SUB-202601-19735,DEMO-PAY-202601-19735
202601,19755,982026010000139,299.00,299.00,DEMO-SUB-202601-19755,DEMO-PAY-202601-19755
202601,19761,982026010000109,501.00,501.00,DEMO-SUB-202601-19761,DEMO-PAY-202601-19761
202601,19782,982026010000068,0.00,0.00,DEMO-SUB-202601-19782,
202601,19792,982026010000037,718.00,359.00,DEMO-SUB-202601-19792,DEMO-PAY-202601-19792
202601,19793,982026010000100,0.00,0.00,DEMO-SUB-202601-19793,
202601,19793,982026010000106,0.00,0.00,DEMO-SUB-202601-19793,
202601,19793,982026010000138,0.00,0.00,DEMO-SUB-202601-19793,
202601,19793,982026010000170,1599.00,799.50,DEMO-SUB-202601-19793,DEMO-PAY-202601-19793
202601,19793,982026010000180,0.00,0.00,DEMO-SUB-202601-19793,
202601,19796,982026010000051,1377.00,688.50,DEMO-SUB-202601-19796,DEMO-PAY-202601-19796
202601,19796,982026010000130,1692.00,846.00,DEMO-SUB-202601-19796,DEMO-PAY-202601-19796
202601,19808,982026010000093,0.00,0.00,DEMO-SUB-202601-19808,
202601,19808,982026010000122,0.00,0.00,DEMO-SUB-202601-19808,
202601,19809,982026010000076,0.00,0.00,DEMO-SUB-202601-19809,
202601,19810,982026010000019,1224.00,1224.00,DEMO-SUB-202601-19810,DEMO-PAY-202601-19810
202601,19837,982026010000128,1776.00,888.00,DEMO-SUB-202601-19837,DEMO-PAY-202601-19837
202601,19880,982026010000143,1691.00,845.50,DEMO-SUB-202601-19880,DEMO-PAY-202601-19880
202601,19895,982026010000041,1188.00,594.00,DEMO-SUB-202601-19895,DEMO-PAY-202601-19895
202601,19901,982026010000181,1000.00,0.00,DEMO-SUB-202601-19901,
202601,19902,982026010000186,1139.00,0.00,DEMO-SUB-202601-19902,
202601,19903,982026010000145,0.00,0.00,DEMO-SUB-202601-19903,
202601,19910,982026010000169,1864.00,932.00,DEMO-SUB-202601-19910,DEMO-PAY-202601-19910
202601,19915,982026010000053,1298.00,0.00,DEMO-SUB-202601-19915,
202601,19923,982026010000017,0.00,0.00,DEMO-SUB-202601-19923,
202601,19948,982026010000032,257.00,0.00,DEMO-SUB-202601-19948,
202601,19951,982026010000084,1380.00,0.00,DEMO-SUB-202601-19951,
202601,19958,982026010000052,1723.00,1723.00,DEMO-SUB-202601-19958,DEMO-PAY-202601-19958
202601,19958,982026010000101,749.00,749.00,DEMO-SUB-202601-19958,DEMO-PAY-202601-19958
202601,19959,982026010000198,0.00,0.00,DEMO-SUB-202601-19959,
202601,19960,982026010000117,1256.00,0.00,DEMO-SUB-202601-19960,
202601,20031,982026010000009,1574.00,0.00,DEMO-SUB-202601-20031,
202601,206053,982026010000018,1313.00,1313.00,DEMO-SUB-202601-206053,DEMO-PAY-202601-206053
202601,206055,982026010000095,601.00,300.50,DEMO-SUB-202601-206055,DEMO-PAY-202601-206055
202601,206055,982026010000158,711.00,355.50,DEMO-SUB-202601-206055,DEMO-PAY-202601-206055
202601,21247,982026010000092,0.00,0.00,DEMO-SUB-202601-21247,
202601,21247,982026010000129,1355.00,0.00,DEMO-SUB-202601-21247,
202601,21276,982026010000047,268.00,134.00,DEMO-SUB-202601-21276,DEMO-PAY-202601-21276
202601,213043,982026010000036,493.00,246.50,DEMO-SUB-202601-213043,DEMO-PAY-202601-213043
202601,223046,982026010000082,0.00,0.00,DEMO-SUB-202601-223046,
202601,223046,982026010000088,877.00,438.50,DEMO-SUB-202601-223046,DEMO-PAY-202601-223046
202601,239048,982026010000162,1616.00,808.00,DEMO-SUB-202601-239048,DEMO-PAY-202601-239048
202601,253047,982026010000148,1271.00,0.00,DEMO-SUB-202601-253047,
202601,254048,982026010000119,0.00,0.00,DEMO-SUB-202601-254048,
202601,255074,982026010000121,1116.00,1116.00,DEMO-SUB-202601-255074,DEMO-PAY-202601-255074
202601,257067,982026010000131,0.00,0.00,DEMO-SUB-202601-257067,
202601,257067,982026010000177,0.00,0.00,DEMO-SUB-202601-257067,
202601,26034,982026010000183,1075.00,1075.00,DEMO-SUB-202601-26034,DEMO-PAY-202601-26034
202601,26036,982026010000155,842.00,842.00,DEMO-SUB-202601-26036,DEMO-PAY-202601-26036
202601,265053,982026010000027,0.00,0.00,DEMO-SUB-202601-265053,
202601,265054,982026010000039,1050.00,525.00,DEMO-SUB-202601-265054,DEMO-PAY-202601-265054
202601,265054,982026010000151,0.00,0.00,DEMO-SUB-202601-265054,
202601,275053,982026010000175,1746.00,1746.00,DEMO-SUB-202601-275053,DEMO-PAY-202601-275053
202601,294071,982026010000020,0.00,0.00,DEMO-SUB-202601-294071,
202601,294071,982026010000026,779.00,779.00,DEMO-SUB-202601-294071,DEMO-PAY-202601-294071
202601,295082,982026010000114,1281.00,1281.00,DEMO-SUB-202601-295082,DEMO-PAY-202601-295082
202601,296065,982026010000060,1313.00,1313.00,DEMO-SUB-202601-296065,DEMO-PAY-202601-296065
202601,296065,982026010000120,1840.00,1840.00,DEMO-SUB-202601-296065,DEMO-PAY-202601-296065
202601,296076,982026010000094,637.00,0.00,DEMO-SUB-202601-296076,
202601,310070,982026010000115,0.00,0.00,DEMO-SUB-202601-310070,
202601,311068,982026010000054,0.00,0.00,DEMO-SUB-202601-311068,
202601,311077,982026010000176,0.00,0.00,DEMO-SUB-202601-311077,
202601,319058,982026010000191,0.00,0.00,DEMO-SUB-202601-319058,
202601,332062,982026010000168,1723.00,861.50,DEMO-SUB-202601-332062,DEMO-PAY-202601-332062
202601,332069,982026010000063,0.00,0.00,DEMO-SUB-202601-332069,
202601,333070,982026010000030,744.00,0.00,DEMO-SUB-202601-333070,
202601,336060,982026010000196,743.00,743.00,DEMO-SUB-202601-336060,DEMO-PAY-202601-336060
202601,337088,982026010000077,1303.00,0.00,DEMO-SUB-202601-337088,
202601,347062,982026010000116,294.00,294.00,DEMO-SUB-202601-347062,DEMO-PAY-202601-347062
202601,347066,982026010000113,528.00,264.00,DEMO-SUB-202601-347066,DEMO-PAY-202601-347066
202601,349067,982026010000058,506.00,506.00,DEMO-SUB-202601-349067,DEMO-PAY-202601-349067
202601,349067,982026010000189,1889.00,1889.00,DEMO-SUB-202601-349067,DEMO-PAY-202601-349067
202601,349071,982026010000188,574.00,0.00,DEMO-SUB-202601-349071,
202601,349076,982026010000065,838.00,0.00,DEMO-SUB-202601-349076,
202601,350060,982026010000147,436.00,436.00,DEMO-SUB-202601-350060,DEMO-PAY-202601-350060
202601,350061,982026010000133,0.00,0.00,DEMO-SUB-202601-350061,
202601,350068,982026010000055,0.00,0.00,DEMO-SUB-202601-350068,
202601,353061,982026010000028,324.00,162.00,DEMO-SUB-202601-353061,DEMO-PAY-202601-353061
202601,353061,982026010000185,282.00,141.00,DEMO-SUB-202601-353061,DEMO-PAY-202601-353061
202601,357098,982026010000182,1656.00,828.00,DEMO-SUB-202601-357098,DEMO-PAY-202601-357098
202601,367077,982026010000025,512.00,0.00,DEMO-SUB-202601-367077,
202601,379092,982026010000163,725.00,0.00,DEMO-SUB-202601-379092,
202601,400090,982026010000081,923.00,0.00,DEMO-SUB-202601-400090,
202601,45024,982026010000099,1075.00,1075.00,DEMO-SUB-202601-45024,DEMO-PAY-202601-45024
202601,50046,982026010000123,0.00,0.00,DEMO-SUB-202601-50046,
202601,50046,982026010000166,1325.00,0.00,DEMO-SUB-202601-50046,
202601,54253,982026010000144,0.00,0.00,DEMO-SUB-202601-54253,
202601,60025,982026010000111,1774.00,887.00,DEMO-SUB-202601-60025,DEMO-PAY-202601-60025
202601,68028,982026010000003,835.00,417.50,DEMO-SUB-202601-68028,DEMO-PAY-202601-68028
202601,68028,982026010000110,1921.00,960.50,DEMO-SUB-202601-68028,DEMO-PAY-202601-68028
202601,71031,982026010000140,930.00,465.00,DEMO-SUB-202601-71031,DEMO-PAY-202601-71031
202601,73037,982026010000193,910.00,455.00,DEMO-SUB-202601-73037,DEMO-PAY-202601-73037
202601,74049,982026010000006,701.00,350.50,DEMO-SUB-202601-74049,DEMO-PAY-202601-74049
202601,74049,982026010000021,95.00,47.50,DEMO-SUB-202601-74049,DEMO-PAY-202601-74049
202601,74049,982026010000124,1594.00,797.00,DEMO-SUB-202601-74049,DEMO-PAY-202601-74049
202601,74050,982026010000087,0.00,0.00,DEMO-SUB-202601-74050,
202601,74050,982026010000165,301.00,150.50,DEMO-SUB-202601-74050,DEMO-PAY-202601-74050
202601,74052,982026010000046,604.00,604.00,DEMO-SUB-202601-74052,DEMO-PAY-202601-74052
202601,74054,982026010000001,1915.00,0.00,DEMO-SUB-202601-74054,
202601,78073,982026010000078,0.00,0.00,DEMO-SUB-202601-78073,
202601,78074,982026010000029,0.00,0.00,DEMO-SUB-202601-78074,
202601,83034,982026010000102,542.00,542.00,DEMO-SUB-202601-83034,DEMO-PAY-202601-83034
202601,88031,982026010000012,685.00,342.50,DEMO-SUB-202601-88031,DEMO-PAY-202601-88031
202601,88031,982026010000069,760.00,380.00,DEMO-SUB-202601-88031,DEMO-PAY-202601-88031
202601,90031,982026010000042,0.00,0.00,DEMO-SUB-202601-90031,
202601,90031,982026010000184,0.00,0.00,DEMO-SUB-202601-90031,
202601,90032,982026010000048,0.00,0.00,DEMO-SUB-202601-90032,
202601,95037,982026010000011,0.00,0.00,DEMO-SUB-202601-95037,
202601,95039,982026010000005,0.00,0.00,DEMO-SUB-202601-95039,
202601,95039,982026010000096,469.00,234.50,DEMO-SUB-202601-95039,DEMO-PAY-202601-95039
202601,97095,982026010000013,87.00,87.00,DEMO-SUB-202601-97095,DEMO-PAY-202601-97095
202601,97095,982026010000049,0.00,0.00,DEMO-SUB-202601-97095,
202601,98052,982026010000071,180.00,90.00,DEMO-SUB-202601-98052,DEMO-PAY-202601-98052
202601,98052,982026010000105,468.00,234.00,DEMO-SUB-202601-98052,DEMO-PAY-202601-98052
202601,98052,982026010000135,1206.00,603.00,DEMO-SUB-202601-98052,DEMO-PAY-202601-98052
202601,98052,982026010000194,816.00,408.00,DEMO-SUB-202601-98052,DEMO-PAY-202601-98052
202601,98053,982026010000002,451.00,451.00,DEMO-SUB-202601-98053,DEMO-PAY-202601-98053
202601,98053,982026010000043,456.00,456.00,DEMO-SUB-202601-98053,DEMO-PAY-202601-98053
202601,98053,982026010000118,1515.00,1515.00,DEMO-SUB-202601-98053,DEMO-PAY-202601-98053
202601,98053,982026010000179,1090.00,1090.00,DEMO-SUB-202601-98053,DEMO-PAY-202601-98053
202602,107037,8623780604759101,1064.00,0.00,DEMO-SUB-202602-107037,
202602,110035,8678730700887706,1044.00,522.00,DEMO-SUB-202602-110035,DEMO-PAY-202602-110035
202602,115058,8602320576734955,732.00,366.00,DEMO-SUB-202602-115058,DEMO-PAY-202602-115058
202602,121038,8609450675016955,0.00,0.00,DEMO-SUB-202602-121038,
202602,121038,8626240509929701,1782.00,891.00,DEMO-SUB-202602-121038,DEMO-PAY-202602-121038
202602,121038,8663430627181406,0.00,0.00,DEMO-SUB-202602-121038,
202602,121038,8696010505577600,0.00,0.00,DEMO-SUB-202602-121038,
202602,130061,8602320542379855,0.00,0.00,DEMO-SUB-202602-130061,
202602,148031,8624440704711500,0.00,0.00,DEMO-SUB-202602-148031,
202602,159043,8682940743802855,1145.00,572.50,DEMO-SUB-202602-159043,DEMO-PAY-202602-159043
202602,19327,8602320576662955,664.00,332.00,DEMO-SUB-202602-19327,DEMO-PAY-202602-19327
202602,19327,8672090813409155,1769.00,884.50,DEMO-SUB-202602-19327,DEMO-PAY-202602-19327
202602,19343,8663430622351306,0.00,0.00,DEMO-SUB-202602-19343,
202602,19345,8609450613495655,1064.00,532.00,DEMO-SUB-202602-19345,DEMO-PAY-202602-19345
202602,19345,8672090814005255,406.00,203.00,DEMO-SUB-202602-19345,DEMO-PAY-202602-19345
202602,19347,8611410727176155,847.00,847.00,DEMO-SUB-202602-19347,DEMO-PAY-202602-19347
202602,19357,8609450617921055,910.00,910.00,DEMO-SUB-202602-19357,DEMO-PAY-202602-19357
202602,19357,8609450692918855,0.00,0.00,DEMO-SUB-202602-19357,
202602,19369,8663030307086855,0.00,0.00,DEMO-SUB-202602-19369,
202602,19386,8602320564286255,1611.00,0.00,DEMO-SUB-202602-19386,
202602,19389,8699900613560901,753.00,753.00,DEMO-SUB-202602-19389,DEMO-PAY-202602-19389
202602,19392,8626240510528001,0.00,0.00,DEMO-SUB-202602-19392,
202602,19392,8682940745173955,982.00,491.00,DEMO-SUB-202602-19392,DEMO-PAY-202602-19392
202602,19394,8602320505859555,1827.00,913.50,DEMO-SUB-202602-19394,DEMO-PAY-202602-19394
202602,19410,8696010508902400,0.00,0.00,DEMO-SUB-202602-19410,
202602,19411,8609450615838255,0.00,0.00,DEMO-SUB-202602-19411,
202602,19420,8672090808442055,736.00,736.00,DEMO-SUB-202602-19420,DEMO-PAY-202602-19420
202602,19424,8602320537705855,0.00,0.00,DEMO-SUB-202602-19424,
202602,19424,8626240515090901,314.00,157.00,DEMO-SUB-202602-19424,DEMO-PAY-202602-19424
202602,19427,8628520705950955,1146.00,1146.00,DEMO-SUB-202602-19427,DEMO-PAY-202602-19427
202602,19437,8672090808112955,766.00,766.00,DEMO-SUB-202602-19437,DEMO-PAY-202602-19437
202602,19437,8693380714406304,0.00,0.00,DEMO-SUB-202602-19437,
202602,19448,8602320545916855,0.00,0.00,DEMO-SUB-202602-19448,
202602,19448,8602320566045155,1472.00,1472.00,DEMO-SUB-202602-19448,DEMO-PAY-202602-19448
202602,19462,8602320554551455,0.00,0.00,DEMO-SUB-202602-19462,
202602,19469,8602320543303555,1000.00,500.00,DEMO-SUB-202602-19469,DEMO-PAY-202602-19469
202602,19469,8609450694455855,1982.00,991.00,DEMO-SUB-202602-19469,DEMO-PAY-202602-19469
202602,19472,8626240514961001,0.00,0.00,DEMO-SUB-202602-19472,
202602,19473,8637030556060201,0.00,0.00,DEMO-SUB-202602-19473,
202602,19477,8672090804527255,308.00,308.00,DEMO-SUB-202602-19477,DEMO-PAY-202602-19477
202602,19484,8609450611220555,0.00,0.00,DEMO-SUB-202602-19484,
202602,19488,8602320563769555,391.00,391.00,DEMO-SUB-202602-19488,DEMO-PAY-202602-19488
202602,19492,8637030578248155,200.00,0.00,DEMO-SUB-202602-19492,
202602,19501,8602320553556755,1072.00,0.00,DEMO-SUB-202602-19501,
202602,19502,8604910529157155,251.00,125.50,DEMO-SUB-202602-19502,DEMO-PAY-202602-19502
202602,19504,8672090804475655,1485.00,1485.00,DEMO-SUB-202602-19504,DEMO-PAY-202602-19504
202602,19505,8672090803199955,401.00,401.00,DEMO-SUB-202602-19505,DEMO-PAY-202602-19505
202602,19516,8604910553872955,0.00,0.00,DEMO-SUB-202602-19516,
202602,19517,8646650709419804,981.00,490.50,DEMO-SUB-202602-19517,DEMO-PAY-202602-19517
202602,19518,8602320555448355,1975.00,1975.00,DEMO-SUB-202602-19518,DEMO-PAY-202602-19518
202602,19533,8672090813895155,1110.00,555.00,DEMO-SUB-202602-19533,DEMO-PAY-202602-19533
202602,19537,8612230312232955,0.00,0.00,DEMO-SUB-202602-19537,
202602,19549,8602320545631655,851.00,851.00,DEMO-SUB-202602-19549,DEMO-PAY-202602-19549
202602,19554,8609450685802155,884.00,442.00,DEMO-SUB-202602-19554,DEMO-PAY-202602-19554
202602,19554,8663430620500806,0.00,0.00,DEMO-SUB-202602-19554,
202602,19555,8672090806302855,1144.00,1144.00,DEMO-SUB-202602-19555,DEMO-PAY-202602-19555
202602,19556,8611410719675555,0.00,0.00,DEMO-SUB-202602-19556,
202602,19559,8612230309834855,0.00,0.00,DEMO-SUB-202602-19559,
202602,19577,8611410722258355,518.00,0.00,DEMO-SUB-202602-19577,
202602,19582,8646650768516104,922.00,922.00,DEMO-SUB-202602-19582,DEMO-PAY-202602-19582
202602,19590,3523081018217201,1030.00,515.00,DEMO-SUB-202602-19590,DEMO-PAY-202602-19590
202602,19594,8682940744787955,0.00,0.00,DEMO-SUB-202602-19594,
202602,19596,8672090813418955,1118.00,1118.00,DEMO-SUB-202602-19596,DEMO-PAY-202602-19596
202602,19597,8682940752289355,741.00,741.00,DEMO-SUB-202602-19597,DEMO-PAY-202602-19597
202602,19598,8692900509562701,0.00,0.00,DEMO-SUB-202602-19598,
202602,19618,8696010502387500,1008.00,0.00,DEMO-SUB-202602-19618,
202602,19622,8612230307242155,599.00,0.00,DEMO-SUB-202602-19622,
202602,19640,8663430621985306,346.00,173.00,DEMO-SUB-202602-19640,DEMO-PAY-202602-19640
202602,19643,8682940751313655,0.00,0.00,DEMO-SUB-202602-19643,
202602,19646,8604910552622855,0.00,0.00,DEMO-SUB-202602-19646,
202602,19657,8609450634718255,0.00,0.00,DEMO-SUB-202602-19657,
202602,19658,8602320524414555,0.00,0.00,DEMO-SUB-202602-19658,
202602,19664,8609450621641355,438.00,219.00,DEMO-SUB-202602-19664,DEMO-PAY-202602-19664
202602,19675,8626240510433801,1147.00,573.50,DEMO-SUB-202602-19675,DEMO-PAY-202602-19675
202602,19678,8609450616764455,1814.00,907.00,DEMO-SUB-202602-19678,DEMO-PAY-202602-19678
202602,19686,8611410719367555,0.00,0.00,DEMO-SUB-202602-19686,
202602,19687,8611410731929655,0.00,0.00,DEMO-SUB-202602-19687,
202602,19692,8637030559040201,1736.00,0.00,DEMO-SUB-202602-19692,
202602,19713,8609450617615555,1658.00,1658.00,DEMO-SUB-202602-19713,DEMO-PAY-202602-19713
202602,19716,8611410715469855,0.00,0.00,DEMO-SUB-202602-19716,
202602,19735,8672090812456255,1581.00,790.50,DEMO-SUB-202602-19735,DEMO-PAY-202602-19735
202602,19755,8646650719142404,1485.00,0.00,DEMO-SUB-202602-19755,
202602,19761,8609450637677755,685.00,0.00,DEMO-SUB-202602-19761,
202602,19782,8604910529781855,0.00,0.00,DEMO-SUB-202602-19782,
202602,19792,8679090701259601,1628.00,814.00,DEMO-SUB-202602-19792,DEMO-PAY-202602-19792
202602,19793,8609450643044655,0.00,0.00,DEMO-SUB-202602-19793,
202602,19793,8611410728301555,0.00,0.00,DEMO-SUB-202602-19793,
202602,19793,8682940751204455,1384.00,0.00,DEMO-SUB-202602-19793,
202602,19793,8682940751204855,0.00,0.00,DEMO-SUB-202602-19793,
202602,19793,8682940751206455,0.00,0.00,DEMO-SUB-202602-19793,
202602,19796,8609450632279055,1696.00,1696.00,DEMO-SUB-202602-19796,DEMO-PAY-202602-19796
202602,19796,8609450687386855,367.00,367.00,DEMO-SUB-202602-19796,DEMO-PAY-202602-19796
202602,19808,8609450696324655,0.00,0.00,DEMO-SUB-202602-19808,
202602,19808,8615550687792904,0.00,0.00,DEMO-SUB-202602-19808,
202602,19809,8602320538722655,0.00,0.00,DEMO-SUB-202602-19809,
202602,19810,8646650712966404,1458.00,1458.00,DEMO-SUB-202602-19810,DEMO-PAY-202602-19810
202602,19837,8609450637704855,1278.00,0.00,DEMO-SUB-202602-19837,
202602,19880,8612230304447855,416.00,208.00,DEMO-SUB-202602-19880,DEMO-PAY-202602-19880
202602,19895,8602320573976755,1589.00,0.00,DEMO-SUB-202602-19895,
202602,19901,8609450643141155,1490.00,1490.00,DEMO-SUB-202602-19901,DEMO-PAY-202602-19901
202602,19902,8602320528769455,1147.00,1147.00,DEMO-SUB-202602-19902,DEMO-PAY-202602-19902
202602,19903,8611630705175555,0.00,0.00,DEMO-SUB-202602-19903,
202602,19910,8602320572922255,1912.00,956.00,DEMO-SUB-202602-19910,DEMO-PAY-202602-19910
202602,19915,8611410719086055,1773.00,1773.00,DEMO-SUB-202602-19915,DEMO-PAY-202602-19915
202602,19923,8602320564778055,0.00,0.00,DEMO-SUB-202602-19923,
202602,19948,8693380705577304,1931.00,1931.00,DEMO-SUB-202602-19948,DEMO-PAY-202602-19948
202602,19951,8646650712885604,835.00,0.00,DEMO-SUB-202602-19951,
202602,19958,8609450682947155,1897.00,0.00,DEMO-SUB-202602-19958,
202602,19958,8611630702159455,1692.00,0.00,DEMO-SUB-202602-19958,
202602,19959,8611410727688955,0.00,0.00,DEMO-SUB-202602-19959,
202602,19960,8646650774625604,977.00,977.00,DEMO-SUB-202602-19960,DEMO-PAY-202602-19960
202602,20031,8663430618962706,721.00,0.00,DEMO-SUB-202602-20031,
202602,206053,8612230311806255,1490.00,0.00,DEMO-SUB-202602-206053,
202602,206055,8611410719880955,432.00,432.00,DEMO-SUB-202602-206055,DEMO-PAY-202602-206055
202602,206055,8672090804103055,904.00,904.00,DEMO-SUB-202602-206055,DEMO-PAY-202602-206055
202602,21247,8609450682734855,1632.00,1632.00,DEMO-SUB-202602-21247,DEMO-PAY-202602-21247
202602,21247,8663430614852155,0.00,0.00,DEMO-SUB-202602-21247,
202602,21276,8611410732168355,563.00,281.50,DEMO-SUB-202602-21276,DEMO-PAY-202602-21276
202602,213043,8672090804797155,323.00,323.00,DEMO-SUB-202602-213043,DEMO-PAY-202602-213043
202602,223046,8602320556934855,678.00,339.00,DEMO-SUB-202602-223046,DEMO-PAY-202602-223046
202602,223046,8663430622099755,0.00,0.00,DEMO-SUB-202602-223046,
202602,239048,8663030307489455,988.00,494.00,DEMO-SUB-202602-239048,DEMO-PAY-202602-239048
202602,253047,8612230312003955,1055.00,527.50,DEMO-SUB-202602-253047,DEMO-PAY-202602-253047
202602,254048,8611630706149155,0.00,0.00,DEMO-SUB-202602-254048,
202602,255074,8612230312099055,419.00,209.50,DEMO-SUB-202602-255074,DEMO-PAY-202602-255074
202602,257067,8611410714376255,0.00,0.00,DEMO-SUB-202602-257067,
202602,257067,8626240521964201,0.00,0.00,DEMO-SUB-202602-257067,
202602,26034,8679090702343601,1610.00,0.00,DEMO-SUB-202602-26034,
202602,26036,8612230303362755,980.00,0.00,DEMO-SUB-202602-26036,
202602,265053,8611410727356455,0.00,0.00,DEMO-SUB-202602-265053,
202602,265054,8646650712819204,1503.00,0.00,DEMO-SUB-202602-265054,
202602,265054,8682940751901555,0.00,0.00,DEMO-SUB-202602-265054,
202602,275053,8626240521910601,681.00,681.00,DEMO-SUB-202602-275053,DEMO-PAY-202602-275053
202602,294071,8609450686437355,1074.00,537.00,DEMO-SUB-202602-294071,DEMO-PAY-202602-294071
202602,294071,8646650775147504,0.00,0.00,DEMO-SUB-202602-294071,
202602,295082,8609450682346155,456.00,456.00,DEMO-SUB-202602-295082,DEMO-PAY-202602-295082
202602,296065,8611410713497455,845.00,845.00,DEMO-SUB-202602-296065,DEMO-PAY-202602-296065
202602,296065,8611410730623455,294.00,294.00,DEMO-SUB-202602-296065,DEMO-PAY-202602-296065
202602,296076,8612230310848755,700.00,700.00,DEMO-SUB-202602-296076,DEMO-PAY-202602-296076
202602,310070,8646650712815404,0.00,0.00,DEMO-SUB-202602-310070,
202602,311068,8611410711987155,0.00,0.00,DEMO-SUB-202602-311068,
202602,311077,8602320585145855,0.00,0.00,DEMO-SUB-202602-311077,
202602,319058,8611410724718055,0.00,0.00,DEMO-SUB-202602-319058,
202602,332062,8623780605529001,836.00,418.00,DEMO-SUB-202602-332062,DEMO-PAY-202602-332062
202602,332069,8672090801363455,0.00,0.00,DEMO-SUB-202602-332069,
202602,333070,8609450686750955,754.00,377.00,DEMO-SUB-202602-333070,DEMO-PAY-202602-333070
202602,336060,8609450684872855,300.00,0.00,DEMO-SUB-202602-336060,
202602,337088,8646650773122304,1687.00,843.50,DEMO-SUB-202602-337088,DEMO-PAY-202602-337088
202602,347062,8609450692688555,1274.00,0.00,DEMO-SUB-202602-347062,
202602,347066,8609450676746255,600.00,0.00,DEMO-SUB-202602-347066,
202602,349067,8611410733204555,1623.00,811.50,DEMO-SUB-202602-349067,DEMO-PAY-202602-349067
202602,349067,8612230311639055,424.00,212.00,DEMO-SUB-202602-349067,DEMO-PAY-202602-349067
202602,349071,8663030306273455,1708.00,854.00,DEMO-SUB-202602-349071,DEMO-PAY-202602-349071
202602,349076,8682940743560255,1484.00,1484.00,DEMO-SUB-202602-349076,DEMO-PAY-202602-349076
202602,350060,8609450690476255,252.00,0.00,DEMO-SUB-202602-350060,
202602,350061,8682940745942255,0.00,0.00,DEMO-SUB-202602-350061,
202602,350068,8609450675071855,0.00,0.00,DEMO-SUB-202602-350068,
202602,353061,8611410722813055,300.00,0.00,DEMO-SUB-202602-353061,
202602,353061,8611410732815955,1572.00,0.00,DEMO-SUB-202602-353061,
202602,357098,8699900613367201,1567.00,783.50,DEMO-SUB-202602-357098,DEMO-PAY-202602-357098
202602,367077,8672090807781755,783.00,0.00,DEMO-SUB-202602-367077,
202602,379092,8672090814548755,1390.00,1390.00,DEMO-SUB-202602-379092,DEMO-PAY-202602-379092
202602,400090,8646650774773604,665.00,332.50,DEMO-SUB-202602-400090,DEMO-PAY-202602-400090
202602,45024,8602320524380855,947.00,947.00,DEMO-SUB-202602-45024,DEMO-PAY-202602-45024
202602,50046,8609450607755555,1392.00,696.00,DEMO-SUB-202602-50046,DEMO-PAY-202602-50046
202602,50046,8611410712705855,0.00,0.00,DEMO-SUB-202602-50046,
202602,54253,8693380705204904,0.00,0.00,DEMO-SUB-202602-54253,
202602,60025,8609450641058155,1400.00,0.00,DEMO-SUB-202602-60025,
202602,68028,8602320589592455,1398.00,699.00,DEMO-SUB-202602-68028,DEMO-PAY-202602-68028
202602,68028,8615550680535904,672.00,336.00,DEMO-SUB-202602-68028,DEMO-PAY-202602-68028
202602,71031,8602320515593955,869.00,434.50,DEMO-SUB-202602-71031,DEMO-PAY-202602-71031
202602,73037,8602320538656955,1000.00,500.00,DEMO-SUB-202602-73037,DEMO-PAY-202602-73037
202602,74049,8609450626894755,1601.00,800.50,DEMO-SUB-202602-74049,DEMO-PAY-202602-74049
202602,74049,8609450676122855,100.00,50.00,DEMO-SUB-202602-74049,DEMO-PAY-202602-74049
202602,74049,8609450686223755,627.00,313.50,DEMO-SUB-202602-74049,DEMO-PAY-202602-74049
202602,74050,8628520701974255,0.00,0.00,DEMO-SUB-202602-74050,
202602,74050,8646650712548755,1835.00,0.00,DEMO-SUB-202602-74050,
202602,74052,8609450628917555,723.00,723.00,DEMO-SUB-202602-74052,DEMO-PAY-202602-74052
202602,74054,8611410721422855,1621.00,1621.00,DEMO-SUB-202602-74054,DEMO-PAY-202602-74054
202602,78073,8604910552719555,0.00,0.00,DEMO-SUB-202602-78073,
202602,78074,8612230307260455,0.00,0.00,DEMO-SUB-202602-78074,
202602,83034,8611410725925655,1516.00,1516.00,DEMO-SUB-202602-83034,DEMO-PAY-202602-83034
202602,88031,8602320575749655,990.00,495.00,DEMO-SUB-202602-88031,DEMO-PAY-202602-88031
202602,88031,8609450631830855,622.00,311.00,DEMO-SUB-202602-88031,DEMO-PAY-202602-88031
202602,90031,8602320537897555,0.00,0.00,DEMO-SUB-202602-90031,
202602,90031,8611410713680955,0.00,0.00,DEMO-SUB-202602-90031,
202602,90032,8646650709585904,0.00,0.00,DEMO-SUB-202602-90032,
202602,95037,8611410722680155,0.00,0.00,DEMO-SUB-202602-95037,
202602,95039,8604910557226555,1772.00,886.00,DEMO-SUB-202602-95039,DEMO-PAY-202602-95039
202602,95039,8611410724188855,0.00,0.00,DEMO-SUB-202602-95039,
202602,97095,8602320576853055,0.00,0.00,DEMO-SUB-202602-97095,
202602,97095,8646650720006504,100.00,0.00,DEMO-SUB-202602-97095,
202602,98052,8611410720641555,1409.00,1409.00,DEMO-SUB-202602-98052,DEMO-PAY-202602-98052
202602,98052,8611410730319655,784.00,784.00,DEMO-SUB-202602-98052,DEMO-PAY-202602-98052
202602,98052,8611410730579755,200.00,200.00,DEMO-SUB-202602-98052,DEMO-PAY-202602-98052
202602,98052,8679090700461901,1409.00,1409.00,DEMO-SUB-202602-98052,DEMO-PAY-202602-98052
202602,98053,8602320571971555,1874.00,937.00,DEMO-SUB-202602-98053,DEMO-PAY-202602-98053
202602,98053,8609450621986955,1907.00,953.50,DEMO-SUB-202602-98053,DEMO-PAY-202602-98053
202602,98053,8663430619774755,286.00,143.00,DEMO-SUB-202602-98053,DEMO-PAY-202602-98053
202602,98053,8682940752714555,1051.00,525.50,DEMO-SUB-202602-98053,DEMO-PAY-202602-98053
202603,107037,8623780604759101,1933.00,1933.00,DEMO-SUB-202603-107037,DEMO-PAY-202603-107037
202603,110035,8678730700887706,1399.00,699.50,DEMO-SUB-202603-110035,DEMO-PAY-202603-110035
202603,115058,8602320576734955,1604.00,0.00,DEMO-SUB-202603-115058,
202603,121038,8609450675016955,0.00,0.00,DEMO-SUB-202603-121038,
202603,121038,8626240509929701,1477.00,1477.00,DEMO-SUB-202603-121038,DEMO-PAY-202603-121038
202603,121038,8663430627181406,0.00,0.00,DEMO-SUB-202603-121038,
202603,121038,8696010505577600,0.00,0.00,DEMO-SUB-202603-121038,
202603,130061,8602320542379855,0.00,0.00,DEMO-SUB-202603-130061,
202603,148031,8624440704711500,0.00,0.00,DEMO-SUB-202603-148031,
202603,159043,8682940743802855,631.00,631.00,DEMO-SUB-202603-159043,DEMO-PAY-202603-159043
202603,19327,8602320576662955,696.00,348.00,DEMO-SUB-202603-19327,DEMO-PAY-202603-19327
202603,19327,8672090813409155,1074.00,537.00,DEMO-SUB-202603-19327,DEMO-PAY-202603-19327
202603,19343,8663430622351306,0.00,0.00,DEMO-SUB-202603-19343,
202603,19345,8609450613495655,579.00,289.50,DEMO-SUB-202603-19345,DEMO-PAY-202603-19345
202603,19345,8672090814005255,1361.00,680.50,DEMO-SUB-202603-19345,DEMO-PAY-202603-19345
202603,19347,8611410727176155,676.00,338.00,DEMO-SUB-202603-19347,DEMO-PAY-202603-19347
202603,19357,8609450617921055,967.00,0.00,DEMO-SUB-202603-19357,
202603,19357,8609450692918855,0.00,0.00,DEMO-SUB-202603-19357,
202603,19369,8663030307086855,0.00,0.00,DEMO-SUB-202603-19369,
202603,19386,8602320564286255,1341.00,670.50,DEMO-SUB-202603-19386,DEMO-PAY-202603-19386
202603,19389,8699900613560901,313.00,313.00,DEMO-SUB-202603-19389,DEMO-PAY-202603-19389
202603,19392,8626240510528001,0.00,0.00,DEMO-SUB-202603-19392,
202603,19392,8682940745173955,1558.00,1558.00,DEMO-SUB-202603-19392,DEMO-PAY-202603-19392
202603,19394,8602320505859555,1740.00,870.00,DEMO-SUB-202603-19394,DEMO-PAY-202603-19394
202603,19410,8696010508902400,0.00,0.00,DEMO-SUB-202603-19410,
202603,19411,8609450615838255,0.00,0.00,DEMO-SUB-202603-19411,
202603,19420,8672090808442055,967.00,967.00,DEMO-SUB-202603-19420,DEMO-PAY-202603-19420
202603,19424,8602320537705855,0.00,0.00,DEMO-SUB-202603-19424,
202603,19424,8626240515090901,1015.00,507.50,DEMO-SUB-202603-19424,DEMO-PAY-202603-19424
202603,19427,8628520705950955,1244.00,622.00,DEMO-SUB-202603-19427,DEMO-PAY-202603-19427
202603,19437,8672090808112955,1844.00,1844.00,DEMO-SUB-202603-19437,DEMO-PAY-202603-19437
202603,19437,8693380714406304,0.00,0.00,DEMO-SUB-202603-19437,
202603,19448,8602320545916855,0.00,0.00,DEMO-SUB-202603-19448,
202603,19448,8602320566045155,1307.00,1307.00,DEMO-SUB-202603-19448,DEMO-PAY-202603-19448
202603,19462,8602320554551455,0.00,0.00,DEMO-SUB-202603-19462,
202603,19469,8602320543303555,1689.00,0.00,DEMO-SUB-202603-19469,
202603,19469,8609450694455855,1450.00,0.00,DEMO-SUB-202603-19469,
202603,19472,8626240514961001,0.00,0.00,DEMO-SUB-202603-19472,
202603,19473,8637030556060201,0.00,0.00,DEMO-SUB-202603-19473,
202603,19477,8672090804527255,1074.00,0.00,DEMO-SUB-202603-19477,
202603,19484,8609450611220555,0.00,0.00,DEMO-SUB-202603-19484,
202603,19488,8602320563769555,1116.00,558.00,DEMO-SUB-202603-19488,DEMO-PAY-202603-19488
202603,19492,8637030578248155,184.00,184.00,DEMO-SUB-202603-19492,DEMO-PAY-202603-19492
202603,19501,8602320553556755,324.00,162.00,DEMO-SUB-202603-19501,DEMO-PAY-202603-19501
202603,19502,8604910529157155,745.00,0.00,DEMO-SUB-202603-19502,
202603,19504,8672090804475655,978.00,489.00,DEMO-SUB-202603-19504,DEMO-PAY-202603-19504
202603,19505,8672090803199955,930.00,930.00,DEMO-SUB-202603-19505,DEMO-PAY-202603-19505
202603,19516,8604910553872955,0.00,0.00,DEMO-SUB-202603-19516,
202603,19517,8646650709419804,1161.00,580.50,DEMO-SUB-202603-19517,DEMO-PAY-202603-19517
202603,19518,8602320555448355,1142.00,1142.00,DEMO-SUB-202603-19518,DEMO-PAY-202603-19518
202603,19533,8672090813895155,1945.00,972.50,DEMO-SUB-202603-19533,DEMO-PAY-202603-19533
202603,19537,8612230312232955,0.00,0.00,DEMO-SUB-202603-19537,
202603,19549,8602320545631655,307.00,0.00,DEMO-SUB-202603-19549,
202603,19554,8609450685802155,515.00,257.50,DEMO-SUB-202603-19554,DEMO-PAY-202603-19554
202603,19554,8663430620500806,0.00,0.00,DEMO-SUB-202603-19554,
202603,19555,8672090806302855,1702.00,851.00,DEMO-SUB-202603-19555,DEMO-PAY-202603-19555
202603,19556,8611410719675555,0.00,0.00,DEMO-SUB-202603-19556,
202603,19559,8612230309834855,0.00,0.00,DEMO-SUB-202603-19559,
202603,19577,8611410722258355,1839.00,1839.00,DEMO-SUB-202603-19577,DEMO-PAY-202603-19577
202603,19582,8646650768516104,470.00,0.00,DEMO-SUB-202603-19582,
202603,19590,3523081018217201,1287.00,1287.00,DEMO-SUB-202603-19590,DEMO-PAY-202603-19590
202603,19594,8682940744787955,0.00,0.00,DEMO-SUB-202603-19594,
202603,19596,8672090813418955,1932.00,1932.00,DEMO-SUB-202603-19596,DEMO-PAY-202603-19596
202603,19597,8682940752289355,1283.00,0.00,DEMO-SUB-202603-19597,
202603,19598,8692900509562701,0.00,0.00,DEMO-SUB-202603-19598,
202603,19618,8696010502387500,630.00,315.00,DEMO-SUB-202603-19618,DEMO-PAY-202603-19618
202603,19622,8612230307242155,1077.00,538.50,DEMO-SUB-202603-19622,DEMO-PAY-202603-19622
202603,19640,8663430621985306,1616.00,0.00,DEMO-SUB-202603-19640,
202603,19643,8682940751313655,0.00,0.00,DEMO-SUB-202603-19643,
202603,19646,8604910552622855,0.00,0.00,DEMO-SUB-202603-19646,
202603,19657,8609450634718255,0.00,0.00,DEMO-SUB-202603-19657,
202603,19658,8602320524414555,0.00,0.00,DEMO-SUB-202603-19658,
202603,19664,8609450621641355,1071.00,1071.00,DEMO-SUB-202603-19664,DEMO-PAY-202603-19664
202603,19675,8626240510433801,1928.00,964.00,DEMO-SUB-202603-19675,DEMO-PAY-202603-19675
202603,19678,8609450616764455,630.00,315.00,DEMO-SUB-202603-19678,DEMO-PAY-202603-19678
202603,19686,8611410719367555,0.00,0.00,DEMO-SUB-202603-19686,
202603,19687,8611410731929655,0.00,0.00,DEMO-SUB-202603-19687,
202603,19692,8637030559040201,1589.00,1589.00,DEMO-SUB-202603-19692,DEMO-PAY-202603-19692
202603,19713,8609450617615555,772.00,772.00,DEMO-SUB-202603-19713,DEMO-PAY-202603-19713
202603,19716,8611410715469855,0.00,0.00,DEMO-SUB-202603-19716,
202603,19735,8672090812456255,1758.00,879.00,DEMO-SUB-202603-19735,DEMO-PAY-202603-19735
202603,19755,8646650719142404,560.00,560.00,DEMO-SUB-202603-19755,DEMO-PAY-202603-19755
202603,19761,8609450637677755,940.00,940.00,DEMO-SUB-202603-19761,DEMO-PAY-202603-19761
202603,19782,8604910529781855,0.00,0.00,DEMO-SUB-202603-19782,
202603,19792,8679090701259601,254.00,254.00,DEMO-SUB-202603-19792,DEMO-PAY-202603-19792
202603,19793,8609450643044655,0.00,0.00,DEMO-SUB-202603-19793,
202603,19793,8611410728301555,0.00,0.00,DEMO-SUB-202603-19793,
202603,19793,8682940751204455,462.00,0.00,DEMO-SUB-202603-19793,
202603,19793,8682940751204855,0.00,0.00,DEMO-SUB-202603-19793,
202603,19793,8682940751206455,0.00,0.00,DEMO-SUB-202603-19793,
202603,19796,8609450632279055,1646.00,1646.00,DEMO-SUB-202603-19796,DEMO-PAY-202603-19796
202603,19796,8609450687386855,1506.00,1506.00,DEMO-SUB-202603-19796,DEMO-PAY-202603-19796
202603,19808,8609450696324655,0.00,0.00,DEMO-SUB-202603-19808,
202603,19808,8615550687792904,0.00,0.00,DEMO-SUB-202603-19808,
202603,19809,8602320538722655,0.00,0.00,DEMO-SUB-202603-19809,
202603,19810,8646650712966404,1713.00,0.00,DEMO-SUB-202603-19810,
202603,19837,8609450637704855,1310.00,655.00,DEMO-SUB-202603-19837,DEMO-PAY-202603-19837
202603,19880,8612230304447855,1806.00,1806.00,DEMO-SUB-202603-19880,DEMO-PAY-202603-19880
202603,19895,8602320573976755,1580.00,790.00,DEMO-SUB-202603-19895,DEMO-PAY-202603-19895
202603,19901,8609450643141155,1813.00,906.50,DEMO-SUB-202603-19901,DEMO-PAY-202603-19901
202603,19902,8602320528769455,694.00,347.00,DEMO-SUB-202603-19902,DEMO-PAY-202603-19902
202603,19903,8611630705175555,0.00,0.00,DEMO-SUB-202603-19903,
202603,19910,8602320572922255,1893.00,1893.00,DEMO-SUB-202603-19910,DEMO-PAY-202603-19910
202603,19915,8611410719086055,1487.00,0.00,DEMO-SUB-202603-19915,
202603,19923,8602320564778055,0.00,0.00,DEMO-SUB-202603-19923,
202603,19948,8693380705577304,614.00,614.00,DEMO-SUB-202603-19948,DEMO-PAY-202603-19948
202603,19951,8646650712885604,1261.00,0.00,DEMO-SUB-202603-19951,
202603,19958,8609450682947155,1112.00,1112.00,DEMO-SUB-202603-19958,DEMO-PAY-202603-19958
202603,19958,8611630702159455,396.00,396.00,DEMO-SUB-202603-19958,DEMO-PAY-202603-19958
202603,19959,8611410727688955,0.00,0.00,DEMO-SUB-202603-19959,
202603,19960,8646650774625604,955.00,0.00,DEMO-SUB-202603-19960,
202603,20031,8663430618962706,1598.00,1598.00,DEMO-SUB-202603-20031,DEMO-PAY-202603-20031
202603,206053,8612230311806255,861.00,861.00,DEMO-SUB-202603-206053,DEMO-PAY-202603-206053
202603,206055,8611410719880955,1875.00,937.50,DEMO-SUB-202603-206055,DEMO-PAY-202603-206055
202603,206055,8672090804103055,1229.00,614.50,DEMO-SUB-202603-206055,DEMO-PAY-202603-206055
202603,21247,8609450682734855,1934.00,967.00,DEMO-SUB-202603-21247,DEMO-PAY-202603-21247
202603,21247,8663430614852155,0.00,0.00,DEMO-SUB-202603-21247,
202603,21276,8611410732168355,1646.00,1646.00,DEMO-SUB-202603-21276,DEMO-PAY-202603-21276
202603,213043,8672090804797155,381.00,381.00,DEMO-SUB-202603-213043,DEMO-PAY-202603-213043
202603,223046,8602320556934855,1510.00,1510.00,DEMO-SUB-202603-223046,DEMO-PAY-202603-223046
202603,223046,8663430622099755,0.00,0.00,DEMO-SUB-202603-223046,
202603,239048,8663030307489455,1653.00,1653.00,DEMO-SUB-202603-239048,DEMO-PAY-202603-239048
202603,253047,8612230312003955,593.00,593.00,DEMO-SUB-202603-253047,DEMO-PAY-202603-253047
202603,254048,8611630706149155,0.00,0.00,DEMO-SUB-202603-254048,
202603,255074,8612230312099055,1293.00,1293.00,DEMO-SUB-202603-255074,DEMO-PAY-202603-255074
202603,257067,8611410714376255,0.00,0.00,DEMO-SUB-202603-257067,
202603,257067,8626240521964201,0.00,0.00,DEMO-SUB-202603-257067,
202603,26034,8679090702343601,302.00,151.00,DEMO-SUB-202603-26034,DEMO-PAY-202603-26034
202603,26036,8612230303362755,882.00,441.00,DEMO-SUB-202603-26036,DEMO-PAY-202603-26036
202603,265053,8611410727356455,0.00,0.00,DEMO-SUB-202603-265053,
202603,265054,8646650712819204,1999.00,999.50,DEMO-SUB-202603-265054,DEMO-PAY-202603-265054
202603,265054,8682940751901555,0.00,0.00,DEMO-SUB-202603-265054,
202603,275053,8626240521910601,370.00,0.00,DEMO-SUB-202603-275053,
202603,294071,8609450686437355,1424.00,712.00,DEMO-SUB-202603-294071,DEMO-PAY-202603-294071
202603,294071,8646650775147504,0.00,0.00,DEMO-SUB-202603-294071,
202603,295082,8609450682346155,386.00,0.00,DEMO-SUB-202603-295082,
202603,296065,8611410713497455,1136.00,568.00,DEMO-SUB-202603-296065,DEMO-PAY-202603-296065
202603,296065,8611410730623455,1649.00,824.50,DEMO-SUB-202603-296065,DEMO-PAY-202603-296065
202603,296076,8612230310848755,637.00,318.50,DEMO-SUB-202603-296076,DEMO-PAY-202603-296076
202603,310070,8646650712815404,0.00,0.00,DEMO-SUB-202603-310070,
202603,311068,8611410711987155,0.00,0.00,DEMO-SUB-202603-311068,
202603,311077,8602320585145855,0.00,0.00,DEMO-SUB-202603-311077,
202603,319058,8611410724718055,0.00,0.00,DEMO-SUB-202603-319058,
202603,332062,8623780605529001,1120.00,560.00,DEMO-SUB-202603-332062,DEMO-PAY-202603-332062
202603,332069,8672090801363455,0.00,0.00,DEMO-SUB-202603-332069,
202603,333070,8609450686750955,859.00,429.50,DEMO-SUB-202603-333070,DEMO-PAY-202603-333070
202603,336060,8609450684872855,1538.00,1538.00,DEMO-SUB-202603-336060,DEMO-PAY-202603-336060
202603,337088,8646650773122304,1106.00,1106.00,DEMO-SUB-202603-337088,DEMO-PAY-202603-337088
202603,347062,8609450692688555,770.00,0.00,DEMO-SUB-202603-347062,
202603,347066,8609450676746255,660.00,0.00,DEMO-SUB-202603-347066,
202603,349067,8611410733204555,1082.00,0.00,DEMO-SUB-202603-349067,
202603,349067,8612230311639055,1570.00,0.00,DEMO-SUB-202603-349067,
202603,349071,8663030306273455,768.00,768.00,DEMO-SUB-202603-349071,DEMO-PAY-202603-349071
202603,349076,8682940743560255,513.00,0.00,DEMO-SUB-202603-349076,
202603,350060,8609450690476255,480.00,0.00,DEMO-SUB-202603-350060,
202603,350061,8682940745942255,0.00,0.00,DEMO-SUB-202603-350061,
202603,350068,8609450675071855,0.00,0.00,DEMO-SUB-202603-350068,
202603,353061,8611410722813055,360.00,180.00,DEMO-SUB-202603-353061,DEMO-PAY-202603-353061
202603,353061,8611410732815955,1084.00,542.00,DEMO-SUB-202603-353061,DEMO-PAY-202603-353061
202603,357098,8699900613367201,1088.00,1088.00,DEMO-SUB-202603-357098,DEMO-PAY-202603-357098
202603,367077,8672090807781755,1649.00,824.50,DEMO-SUB-202603-367077,DEMO-PAY-202603-367077
202603,379092,8672090814548755,1362.00,1362.00,DEMO-SUB-202603-379092,DEMO-PAY-202603-379092
202603,400090,8646650774773604,675.00,675.00,DEMO-SUB-202603-400090,DEMO-PAY-202603-400090
202603,45024,8602320524380855,566.00,566.00,DEMO-SUB-202603-45024,DEMO-PAY-202603-45024
202603,50046,8609450607755555,395.00,0.00,DEMO-SUB-202603-50046,
202603,50046,8611410712705855,0.00,0.00,DEMO-SUB-202603-50046,
202603,54253,8693380705204904,0.00,0.00,DEMO-SUB-202603-54253,
202603,60025,8609450641058155,331.00,165.50,DEMO-SUB-202603-60025,DEMO-PAY-202603-60025
202603,68028,8602320589592455,1573.00,1573.00,DEMO-SUB-202603-68028,DEMO-PAY-202603-68028
202603,68028,8615550680535904,665.00,665.00,DEMO-SUB-202603-68028,DEMO-PAY-202603-68028
202603,71031,8602320515593955,1060.00,530.00,DEMO-SUB-202603-71031,DEMO-PAY-202603-71031
202603,73037,8602320538656955,970.00,0.00,DEMO-SUB-202603-73037,
202603,74049,8609450626894755,948.00,474.00,DEMO-SUB-202603-74049,DEMO-PAY-202603-74049
202603,74049,8609450676122855,111.00,55.50,DEMO-SUB-202603-74049,DEMO-PAY-202603-74049
202603,74049,8609450686223755,1250.00,625.00,DEMO-SUB-202603-74049,DEMO-PAY-202603-74049
202603,74050,8628520701974255,0.00,0.00,DEMO-SUB-202603-74050,
202603,74050,8646650712548755,655.00,327.50,DEMO-SUB-202603-74050,DEMO-PAY-202603-74050
202603,74052,8609450628917555,403.00,403.00,DEMO-SUB-202603-74052,DEMO-PAY-202603-74052
202603,74054,8611410721422855,1298.00,1298.00,DEMO-SUB-202603-74054,DEMO-PAY-202603-74054
202603,78073,8604910552719555,0.00,0.00,DEMO-SUB-202603-78073,
202603,78074,8612230307260455,0.00,0.00,DEMO-SUB-202603-78074,
202603,83034,8611410725925655,853.00,0.00,DEMO-SUB-202603-83034,
202603,88031,8602320575749655,885.00,0.00,DEMO-SUB-202603-88031,
202603,88031,8609450631830855,1117.00,0.00,DEMO-SUB-202603-88031,
202603,90031,8602320537897555,0.00,0.00,DEMO-SUB-202603-90031,
202603,90031,8611410713680955,0.00,0.00,DEMO-SUB-202603-90031,
202603,90032,8646650709585904,0.00,0.00,DEMO-SUB-202603-90032,
202603,95037,8611410722680155,0.00,0.00,DEMO-SUB-202603-95037,
202603,95039,8604910557226555,1288.00,644.00,DEMO-SUB-202603-95039,DEMO-PAY-202603-95039
202603,95039,8611410724188855,0.00,0.00,DEMO-SUB-202603-95039,
202603,97095,8602320576853055,0.00,0.00,DEMO-SUB-202603-97095,
202603,97095,8646650720006504,103.00,103.00,DEMO-SUB-202603-97095,DEMO-PAY-202603-97095
202603,98052,8611410720641555,1937.00,968.50,DEMO-SUB-202603-98052,DEMO-PAY-202603-98052
202603,98052,8611410730319655,1765.00,882.50,DEMO-SUB-202603-98052,DEMO-PAY-202603-98052
202603,98052,8611410730579755,198.00,99.00,DEMO-SUB-202603-98052,DEMO-PAY-202603-98052
202603,98052,8679090700461901,660.00,330.00,DEMO-SUB-202603-98052,DEMO-PAY-202603-98052
202603,98053,8602320571971555,1642.00,1642.00,DEMO-SUB-202603-98053,DEMO-PAY-202603-98053
202603,98053,8609450621986955,749.00,749.00,DEMO-SUB-202603-98053,DEMO-PAY-202603-98053
202603,98053,8663430619774755,1237.00,1237.00,DEMO-SUB-202603-98053,DEMO-PAY-202603-98053
202603,98053,8682940752714555,886.00,886.00,DEMO-SUB-202603-98053,DEMO-PAY-202603-98053
202604,107037,8623780604759101,1477.00,738.50,DEMO-SUB-202604-107037,DEMO-PAY-202604-107037
202604,110035,8678730700887706,694.00,0.00,DEMO-SUB-202604-110035,
202604,115058,8602320576734955,849.00,849.00,DEMO-SUB-202604-115058,DEMO-PAY-202604-115058
202604,121038,8609450675016955,0.00,0.00,DEMO-SUB-202604-121038,
202604,121038,8626240509929701,412.00,206.00,DEMO-SUB-202604-121038,DEMO-PAY-202604-121038
202604,121038,8663430627181406,0.00,0.00,DEMO-SUB-202604-121038,
202604,121038,8696010505577600,0.00,0.00,DEMO-SUB-202604-121038,
202604,130061,8602320542379855,0.00,0.00,DEMO-SUB-202604-130061,
202604,148031,8624440704711500,0.00,0.00,DEMO-SUB-202604-148031,
202604,159043,8682940743802855,1958.00,0.00,DEMO-SUB-202604-159043,
202604,19327,8602320576662955,1402.00,0.00,DEMO-SUB-202604-19327,
202604,19327,8672090813409155,591.00,0.00,DEMO-SUB-202604-19327,
202604,19343,8663430622351306,0.00,0.00,DEMO-SUB-202604-19343,
202604,19345,8609450613495655,800.00,400.00,DEMO-SUB-202604-19345,DEMO-PAY-202604-19345
202604,19345,8672090814005255,673.00,336.50,DEMO-SUB-202604-19345,DEMO-PAY-202604-19345
202604,19347,8611410727176155,1729.00,1729.00,DEMO-SUB-202604-19347,DEMO-PAY-202604-19347
202604,19357,8609450617921055,1718.00,1718.00,DEMO-SUB-202604-19357,DEMO-PAY-202604-19357
202604,19357,8609450692918855,0.00,0.00,DEMO-SUB-202604-19357,
202604,19369,8663030307086855,0.00,0.00,DEMO-SUB-202604-19369,
202604,19386,8602320564286255,859.00,859.00,DEMO-SUB-202604-19386,DEMO-PAY-202604-19386
202604,19389,8699900613560901,1037.00,0.00,DEMO-SUB-202604-19389,
202604,19392,8626240510528001,0.00,0.00,DEMO-SUB-202604-19392,
202604,19392,8682940745173955,1209.00,0.00,DEMO-SUB-202604-19392,
202604,19394,8602320505859555,587.00,587.00,DEMO-SUB-202604-19394,DEMO-PAY-202604-19394
202604,19410,8696010508902400,0.00,0.00,DEMO-SUB-202604-19410,
202604,19411,8609450615838255,0.00,0.00,DEMO-SUB-202604-19411,
202604,19420,8672090808442055,854.00,0.00,DEMO-SUB-202604-19420,
202604,19424,8602320537705855,0.00,0.00,DEMO-SUB-202604-19424,
202604,19424,8626240515090901,1556.00,778.00,DEMO-SUB-202604-19424,DEMO-PAY-202604-19424
202604,19427,8628520705950955,1123.00,0.00,DEMO-SUB-202604-19427,
202604,19437,8672090808112955,615.00,615.00,DEMO-SUB-202604-19437,DEMO-PAY-202604-19437
202604,19437,8693380714406304,0.00,0.00,DEMO-SUB-202604-19437,
202604,19448,8602320545916855,0.00,0.00,DEMO-SUB-202604-19448,
202604,19448,8602320566045155,1999.00,999.50,DEMO-SUB-202604-19448,DEMO-PAY-202604-19448
202604,19462,8602320554551455,0.00,0.00,DEMO-SUB-202604-19462,
202604,19469,8602320543303555,935.00,467.50,DEMO-SUB-202604-19469,DEMO-PAY-202604-19469
202604,19469,8609450694455855,1563.00,781.50,DEMO-SUB-202604-19469,DEMO-PAY-202604-19469
202604,19472,8626240514961001,0.00,0.00,DEMO-SUB-202604-19472,
202604,19473,8637030556060201,0.00,0.00,DEMO-SUB-202604-19473,
202604,19477,8672090804527255,751.00,375.50,DEMO-SUB-202604-19477,DEMO-PAY-202604-19477
202604,19484,8609450611220555,0.00,0.00,DEMO-SUB-202604-19484,
202604,19488,8602320563769555,853.00,426.50,DEMO-SUB-202604-19488,DEMO-PAY-202604-19488
202604,19492,8637030578248155,165.00,165.00,DEMO-SUB-202604-19492,DEMO-PAY-202604-19492
202604,19501,8602320553556755,1819.00,1819.00,DEMO-SUB-202604-19501,DEMO-PAY-202604-19501
202604,19502,8604910529157155,254.00,0.00,DEMO-SUB-202604-19502,
202604,19504,8672090804475655,758.00,379.00,DEMO-SUB-202604-19504,DEMO-PAY-202604-19504
202604,19505,8672090803199955,846.00,846.00,DEMO-SUB-202604-19505,DEMO-PAY-202604-19505
202604,19516,8604910553872955,0.00,0.00,DEMO-SUB-202604-19516,
202604,19517,8646650709419804,1727.00,863.50,DEMO-SUB-202604-19517,DEMO-PAY-202604-19517
202604,19518,8602320555448355,1679.00,839.50,DEMO-SUB-202604-19518,DEMO-PAY-202604-19518
202604,19533,8672090813895155,1136.00,0.00,DEMO-SUB-202604-19533,
202604,19537,8612230312232955,0.00,0.00,DEMO-SUB-202604-19537,
202604,19549,8602320545631655,769.00,0.00,DEMO-SUB-202604-19549,
202604,19554,8609450685802155,946.00,0.00,DEMO-SUB-202604-19554,
202604,19554,8663430620500806,0.00,0.00,DEMO-SUB-202604-19554,
202604,19555,8672090806302855,1033.00,1033.00,DEMO-SUB-202604-19555,DEMO-PAY-202604-19555
202604,19556,8611410719675555,0.00,0.00,DEMO-SUB-202604-19556,
202604,19559,8612230309834855,0.00,0.00,DEMO-SUB-202604-19559,
202604,19577,8611410722258355,1891.00,945.50,DEMO-SUB-202604-19577,DEMO-PAY-202604-19577
202604,19582,8646650768516104,1069.00,1069.00,DEMO-SUB-202604-19582,DEMO-PAY-202604-19582
202604,19590,3523081018217201,405.00,405.00,DEMO-SUB-202604-19590,DEMO-PAY-202604-19590
202604,19594,8682940744787955,0.00,0.00,DEMO-SUB-202604-19594,
202604,19596,8672090813418955,1760.00,880.00,DEMO-SUB-202604-19596,DEMO-PAY-202604-19596
202604,19597,8682940752289355,570.00,570.00,DEMO-SUB-202604-19597,DEMO-PAY-202604-19597
202604,19598,8692900509562701,0.00,0.00,DEMO-SUB-202604-19598,
202604,19618,8696010502387500,1966.00,0.00,DEMO-SUB-202604-19618,
202604,19622,8612230307242155,1824.00,0.00,DEMO-SUB-202604-19622,
202604,19640,8663430621985306,292.00,146.00,DEMO-SUB-202604-19640,DEMO-PAY-202604-19640
202604,19643,8682940751313655,0.00,0.00,DEMO-SUB-202604-19643,
202604,19646,8604910552622855,0.00,0.00,DEMO-SUB-202604-19646,
202604,19657,8609450634718255,0.00,0.00,DEMO-SUB-202604-19657,
202604,19658,8602320524414555,0.00,0.00,DEMO-SUB-202604-19658,
202604,19664,8609450621641355,1451.00,0.00,DEMO-SUB-202604-19664,
202604,19675,8626240510433801,470.00,235.00,DEMO-SUB-202604-19675,DEMO-PAY-202604-19675
202604,19678,8609450616764455,255.00,127.50,DEMO-SUB-202604-19678,DEMO-PAY-202604-19678
202604,19686,8611410719367555,0.00,0.00,DEMO-SUB-202604-19686,
202604,19687,8611410731929655,0.00,0.00,DEMO-SUB-202604-19687,
202604,19692,8637030559040201,455.00,455.00,DEMO-SUB-202604-19692,DEMO-PAY-202604-19692
202604,19713,8609450617615555,362.00,362.00,DEMO-SUB-202604-19713,DEMO-PAY-202604-19713
202604,19716,8611410715469855,0.00,0.00,DEMO-SUB-202604-19716,
202604,19735,8672090812456255,1390.00,0.00,DEMO-SUB-202604-19735,
202604,19755,8646650719142404,537.00,268.50,DEMO-SUB-202604-19755,DEMO-PAY-202604-19755
202604,19761,8609450637677755,1322.00,1322.00,DEMO-SUB-202604-19761,DEMO-PAY-202604-19761
202604,19782,8604910529781855,0.00,0.00,DEMO-SUB-202604-19782,
202604,19792,8679090701259601,1934.00,0.00,DEMO-SUB-202604-19792,
202604,19793,8609450643044655,0.00,0.00,DEMO-SUB-202604-19793,
202604,19793,8611410728301555,0.00,0.00,DEMO-SUB-202604-19793,
202604,19793,8682940751204455,1544.00,772.00,DEMO-SUB-202604-19793,DEMO-PAY-202604-19793
202604,19793,8682940751204855,0.00,0.00,DEMO-SUB-202604-19793,
202604,19793,8682940751206455,0.00,0.00,DEMO-SUB-202604-19793,
202604,19796,8609450632279055,674.00,674.00,DEMO-SUB-202604-19796,DEMO-PAY-202604-19796
202604,19796,8609450687386855,532.00,532.00,DEMO-SUB-202604-19796,DEMO-PAY-202604-19796
202604,19808,8609450696324655,0.00,0.00,DEMO-SUB-202604-19808,
202604,19808,8615550687792904,0.00,0.00,DEMO-SUB-202604-19808,
202604,19809,8602320538722655,0.00,0.00,DEMO-SUB-202604-19809,
202604,19810,8646650712966404,927.00,463.50,DEMO-SUB-202604-19810,DEMO-PAY-202604-19810
202604,19837,8609450637704855,1623.00,1623.00,DEMO-SUB-202604-19837,DEMO-PAY-202604-19837
202604,19880,8612230304447855,891.00,891.00,DEMO-SUB-202604-19880,DEMO-PAY-202604-19880
202604,19895,8602320573976755,779.00,389.50,DEMO-SUB-202604-19895,DEMO-PAY-202604-19895
202604,19901,8609450643141155,1929.00,0.00,DEMO-SUB-202604-19901,
202604,19902,8602320528769455,1445.00,0.00,DEMO-SUB-202604-19902,
202604,19903,8611630705175555,0.00,0.00,DEMO-SUB-202604-19903,
202604,19910,8602320572922255,478.00,239.00,DEMO-SUB-202604-19910,DEMO-PAY-202604-19910
202604,19915,8611410719086055,387.00,387.00,DEMO-SUB-202604-19915,DEMO-PAY-202604-19915
202604,19923,8602320564778055,0.00,0.00,DEMO-SUB-202604-19923,
202604,19948,8693380705577304,1996.00,1996.00,DEMO-SUB-202604-19948,DEMO-PAY-202604-19948
202604,19951,8646650712885604,946.00,0.00,DEMO-SUB-202604-19951,
202604,19958,8609450682947155,695.00,0.00,DEMO-SUB-202604-19958,
202604,19958,8611630702159455,1120.00,0.00,DEMO-SUB-202604-19958,
202604,19959,8611410727688955,0.00,0.00,DEMO-SUB-202604-19959,
202604,19960,8646650774625604,1900.00,0.00,DEMO-SUB-202604-19960,
202604,20031,8663430618962706,1877.00,0.00,DEMO-SUB-202604-20031,
202604,206053,8612230311806255,988.00,0.00,DEMO-SUB-202604-206053,
202604,206055,8611410719880955,1018.00,1018.00,DEMO-SUB-202604-206055,DEMO-PAY-202604-206055
202604,206055,8672090804103055,653.00,653.00,DEMO-SUB-202604-206055,DEMO-PAY-202604-206055
202604,21247,8609450682734855,693.00,346.50,DEMO-SUB-202604-21247,DEMO-PAY-202604-21247
202604,21247,8663430614852155,0.00,0.00,DEMO-SUB-202604-21247,
202604,21276,8611410732168355,1250.00,0.00,DEMO-SUB-202604-21276,
202604,213043,8672090804797155,409.00,0.00,DEMO-SUB-202604-213043,
202604,223046,8602320556934855,524.00,524.00,DEMO-SUB-202604-223046,DEMO-PAY-202604-223046
202604,223046,8663430622099755,0.00,0.00,DEMO-SUB-202604-223046,
202604,239048,8663030307489455,1677.00,0.00,DEMO-SUB-202604-239048,
202604,253047,8612230312003955,612.00,306.00,DEMO-SUB-202604-253047,DEMO-PAY-202604-253047
202604,254048,8611630706149155,0.00,0.00,DEMO-SUB-202604-254048,
202604,255074,8612230312099055,1605.00,0.00,DEMO-SUB-202604-255074,
202604,257067,8611410714376255,0.00,0.00,DEMO-SUB-202604-257067,
202604,257067,8626240521964201,0.00,0.00,DEMO-SUB-202604-257067,
202604,26034,8679090702343601,1113.00,0.00,DEMO-SUB-202604-26034,
202604,26036,8612230303362755,327.00,163.50,DEMO-SUB-202604-26036,DEMO-PAY-202604-26036
202604,265053,8611410727356455,0.00,0.00,DEMO-SUB-202604-265053,
202604,265054,8646650712819204,652.00,652.00,DEMO-SUB-202604-265054,DEMO-PAY-202604-265054
202604,265054,8682940751901555,0.00,0.00,DEMO-SUB-202604-265054,
202604,275053,8626240521910601,998.00,998.00,DEMO-SUB-202604-275053,DEMO-PAY-202604-275053
202604,294071,8609450686437355,1159.00,0.00,DEMO-SUB-202604-294071,
202604,294071,8646650775147504,0.00,0.00,DEMO-SUB-202604-294071,
202604,295082,8609450682346155,1888.00,944.00,DEMO-SUB-202604-295082,DEMO-PAY-202604-295082
202604,296065,8611410713497455,429.00,0.00,DEMO-SUB-202604-296065,
202604,296065,8611410730623455,1185.00,0.00,DEMO-SUB-202604-296065,
202604,296076,8612230310848755,367.00,183.50,DEMO-SUB-202604-296076,DEMO-PAY-202604-296076
202604,310070,8646650712815404,0.00,0.00,DEMO-SUB-202604-310070,
202604,311068,8611410711987155,0.00,0.00,DEMO-SUB-202604-311068,
202604,311077,8602320585145855,0.00,0.00,DEMO-SUB-202604-311077,
202604,319058,8611410724718055,0.00,0.00,DEMO-SUB-202604-319058,
202604,332062,8623780605529001,1921.00,960.50,DEMO-SUB-202604-332062,DEMO-PAY-202604-332062
202604,332069,8672090801363455,0.00,0.00,DEMO-SUB-202604-332069,
202604,333070,8609450686750955,940.00,470.00,DEMO-SUB-202604-333070,DEMO-PAY-202604-333070
202604,336060,8609450684872855,1205.00,1205.00,DEMO-SUB-202604-336060,DEMO-PAY-202604-336060
202604,337088,8646650773122304,1390.00,695.00,DEMO-SUB-202604-337088,DEMO-PAY-202604-337088
202604,347062,8609450692688555,619.00,619.00,DEMO-SUB-202604-347062,DEMO-PAY-202604-347062
202604,347066,8609450676746255,613.00,306.50,DEMO-SUB-202604-347066,DEMO-PAY-202604-347066
202604,349067,8611410733204555,1169.00,0.00,DEMO-SUB-202604-349067,
202604,349067,8612230311639055,1779.00,0.00,DEMO-SUB-202604-349067,
202604,349071,8663030306273455,1491.00,745.50,DEMO-SUB-202604-349071,DEMO-PAY-202604-349071
202604,349076,8682940743560255,1755.00,877.50,DEMO-SUB-202604-349076,DEMO-PAY-202604-349076
202604,350060,8609450690476255,520.00,0.00,DEMO-SUB-202604-350060,
202604,350061,8682940745942255,0.00,0.00,DEMO-SUB-202604-350061,
202604,350068,8609450675071855,0.00,0.00,DEMO-SUB-202604-350068,
202604,353061,8611410722813055,356.00,0.00,DEMO-SUB-202604-353061,
202604,353061,8611410732815955,514.00,0.00,DEMO-SUB-202604-353061,
202604,357098,8699900613367201,1129.00,564.50,DEMO-SUB-202604-357098,DEMO-PAY-202604-357098
202604,367077,8672090807781755,1114.00,0.00,DEMO-SUB-202604-367077,
202604,379092,8672090814548755,399.00,399.00,DEMO-SUB-202604-379092,DEMO-PAY-202604-379092
202604,400090,8646650774773604,1587.00,0.00,DEMO-SUB-202604-400090,
202604,45024,8602320524380855,251.00,251.00,DEMO-SUB-202604-45024,DEMO-PAY-202604-45024
202604,50046,8609450607755555,723.00,723.00,DEMO-SUB-202604-50046,DEMO-PAY-202604-50046
202604,50046,8611410712705855,0.00,0.00,DEMO-SUB-202604-50046,
202604,54253,8693380705204904,0.00,0.00,DEMO-SUB-202604-54253,
202604,60025,8609450641058155,1857.00,1857.00,DEMO-SUB-202604-60025,DEMO-PAY-202604-60025
202604,68028,8602320589592455,1590.00,0.00,DEMO-SUB-202604-68028,
202604,68028,8615550680535904,1116.00,0.00,DEMO-SUB-202604-68028,
202604,71031,8602320515593955,416.00,416.00,DEMO-SUB-202604-71031,DEMO-PAY-202604-71031
202604,73037,8602320538656955,931.00,931.00,DEMO-SUB-202604-73037,DEMO-PAY-202604-73037
202604,74049,8609450626894755,875.00,0.00,DEMO-SUB-202604-74049,
202604,74049,8609450676122855,111.00,0.00,DEMO-SUB-202604-74049,
202604,74049,8609450686223755,1155.00,0.00,DEMO-SUB-202604-74049,
202604,74050,8628520701974255,0.00,0.00,DEMO-SUB-202604-74050,
202604,74050,8646650712548755,425.00,0.00,DEMO-SUB-202604-74050,
202604,74052,8609450628917555,901.00,450.50,DEMO-SUB-202604-74052,DEMO-PAY-202604-74052
202604,74054,8611410721422855,554.00,277.00,DEMO-SUB-202604-74054,DEMO-PAY-202604-74054
202604,78073,8604910552719555,0.00,0.00,DEMO-SUB-202604-78073,
202604,78074,8612230307260455,0.00,0.00,DEMO-SUB-202604-78074,
202604,83034,8611410725925655,465.00,232.50,DEMO-SUB-202604-83034,DEMO-PAY-202604-83034
202604,88031,8602320575749655,918.00,0.00,DEMO-SUB-202604-88031,
202604,88031,8609450631830855,919.00,0.00,DEMO-SUB-202604-88031,
202604,90031,8602320537897555,0.00,0.00,DEMO-SUB-202604-90031,
202604,90031,8611410713680955,0.00,0.00,DEMO-SUB-202604-90031,
202604,90032,8646650709585904,0.00,0.00,DEMO-SUB-202604-90032,
202604,95037,8611410722680155,0.00,0.00,DEMO-SUB-202604-95037,
202604,95039,8604910557226555,1990.00,1990.00,DEMO-SUB-202604-95039,DEMO-PAY-202604-95039
202604,95039,8611410724188855,0.00,0.00,DEMO-SUB-202604-95039,
202604,97095,8602320576853055,0.00,0.00,DEMO-SUB-202604-97095,
202604,97095,8646650720006504,94.00,0.00,DEMO-SUB-202604-97095,
202604,98052,8611410720641555,1784.00,0.00,DEMO-SUB-202604-98052,
202604,98052,8611410730319655,331.00,0.00,DEMO-SUB-202604-98052,
202604,98052,8611410730579755,188.00,0.00,DEMO-SUB-202604-98052,
202604,98052,8679090700461901,1134.00,0.00,DEMO-SUB-202604-98052,
202604,98053,8602320571971555,1984.00,992.00,DEMO-SUB-202604-98053,DEMO-PAY-202604-98053
202604,98053,8609450621986955,745.00,372.50,DEMO-SUB-202604-98053,DEMO-PAY-202604-98053
202604,98053,8663430619774755,1962.00,981.00,DEMO-SUB-202604-98053,DEMO-PAY-202604-98053
202604,98053,8682940752714555,286.00,143.00,DEMO-SUB-202604-98053,DEMO-PAY-202604-98053
202605,107037,8623780604759101,1145.00,1145.00,DEMO-SUB-202605-107037,DEMO-PAY-202605-107037
202605,110035,8678730700887706,1572.00,786.00,DEMO-SUB-202605-110035,DEMO-PAY-202605-110035
202605,115058,8602320576734955,1295.00,1295.00,DEMO-SUB-202605-115058,DEMO-PAY-202605-115058
202605,121038,8609450675016955,0.00,0.00,DEMO-SUB-202605-121038,
202605,121038,8626240509929701,1951.00,1951.00,DEMO-SUB-202605-121038,DEMO-PAY-202605-121038
202605,121038,8663430627181406,0.00,0.00,DEMO-SUB-202605-121038,
202605,121038,8696010505577600,0.00,0.00,DEMO-SUB-202605-121038,
202605,130061,8602320542379855,0.00,0.00,DEMO-SUB-202605-130061,
202605,148031,8624440704711500,0.00,0.00,DEMO-SUB-202605-148031,
202605,159043,8682940743802855,1325.00,0.00,DEMO-SUB-202605-159043,
202605,19327,8602320576662955,1000.00,500.00,DEMO-SUB-202605-19327,DEMO-PAY-202605-19327
202605,19327,8672090813409155,1994.00,997.00,DEMO-SUB-202605-19327,DEMO-PAY-202605-19327
202605,19343,8663430622351306,0.00,0.00,DEMO-SUB-202605-19343,
202605,19345,8609450613495655,315.00,315.00,DEMO-SUB-202605-19345,DEMO-PAY-202605-19345
202605,19345,8672090814005255,1039.00,1039.00,DEMO-SUB-202605-19345,DEMO-PAY-202605-19345
202605,19347,8611410727176155,1299.00,0.00,DEMO-SUB-202605-19347,
202605,19357,8609450617921055,1663.00,831.50,DEMO-SUB-202605-19357,DEMO-PAY-202605-19357
202605,19357,8609450692918855,0.00,0.00,DEMO-SUB-202605-19357,
202605,19369,8663030307086855,0.00,0.00,DEMO-SUB-202605-19369,
202605,19386,8602320564286255,528.00,264.00,DEMO-SUB-202605-19386,DEMO-PAY-202605-19386
202605,19389,8699900613560901,615.00,0.00,DEMO-SUB-202605-19389,
202605,19392,8626240510528001,0.00,0.00,DEMO-SUB-202605-19392,
202605,19392,8682940745173955,438.00,0.00,DEMO-SUB-202605-19392,
202605,19394,8602320505859555,1931.00,0.00,DEMO-SUB-202605-19394,
202605,19410,8696010508902400,0.00,0.00,DEMO-SUB-202605-19410,
202605,19411,8609450615838255,0.00,0.00,DEMO-SUB-202605-19411,
202605,19420,8672090808442055,290.00,290.00,DEMO-SUB-202605-19420,DEMO-PAY-202605-19420
202605,19424,8602320537705855,0.00,0.00,DEMO-SUB-202605-19424,
202605,19424,8626240515090901,851.00,0.00,DEMO-SUB-202605-19424,
202605,19427,8628520705950955,1627.00,0.00,DEMO-SUB-202605-19427,
202605,19437,8672090808112955,1040.00,1040.00,DEMO-SUB-202605-19437,DEMO-PAY-202605-19437
202605,19437,8693380714406304,0.00,0.00,DEMO-SUB-202605-19437,
202605,19448,8602320545916855,0.00,0.00,DEMO-SUB-202605-19448,
202605,19448,8602320566045155,1711.00,0.00,DEMO-SUB-202605-19448,
202605,19462,8602320554551455,0.00,0.00,DEMO-SUB-202605-19462,
202605,19469,8602320543303555,1810.00,905.00,DEMO-SUB-202605-19469,DEMO-PAY-202605-19469
202605,19469,8609450694455855,776.00,388.00,DEMO-SUB-202605-19469,DEMO-PAY-202605-19469
202605,19472,8626240514961001,0.00,0.00,DEMO-SUB-202605-19472,
202605,19473,8637030556060201,0.00,0.00,DEMO-SUB-202605-19473,
202605,19477,8672090804527255,1468.00,0.00,DEMO-SUB-202605-19477,
202605,19484,8609450611220555,0.00,0.00,DEMO-SUB-202605-19484,
202605,19488,8602320563769555,1608.00,1608.00,DEMO-SUB-202605-19488,DEMO-PAY-202605-19488
202605,19492,8637030578248155,184.00,92.00,DEMO-SUB-202605-19492,DEMO-PAY-202605-19492
202605,19501,8602320553556755,1344.00,1344.00,DEMO-SUB-202605-19501,DEMO-PAY-202605-19501
202605,19502,8604910529157155,1119.00,1119.00,DEMO-SUB-202605-19502,DEMO-PAY-202605-19502
202605,19504,8672090804475655,1747.00,1747.00,DEMO-SUB-202605-19504,DEMO-PAY-202605-19504
202605,19505,8672090803199955,271.00,135.50,DEMO-SUB-202605-19505,DEMO-PAY-202605-19505
202605,19516,8604910553872955,0.00,0.00,DEMO-SUB-202605-19516,
202605,19517,8646650709419804,775.00,0.00,DEMO-SUB-202605-19517,
202605,19518,8602320555448355,605.00,302.50,DEMO-SUB-202605-19518,DEMO-PAY-202605-19518
202605,19533,8672090813895155,1064.00,1064.00,DEMO-SUB-202605-19533,DEMO-PAY-202605-19533
202605,19537,8612230312232955,0.00,0.00,DEMO-SUB-202605-19537,
202605,19549,8602320545631655,589.00,0.00,DEMO-SUB-202605-19549,
202605,19554,8609450685802155,660.00,660.00,DEMO-SUB-202605-19554,DEMO-PAY-202605-19554
202605,19554,8663430620500806,0.00,0.00,DEMO-SUB-202605-19554,
202605,19555,8672090806302855,1800.00,900.00,DEMO-SUB-202605-19555,DEMO-PAY-202605-19555
202605,19556,8611410719675555,0.00,0.00,DEMO-SUB-202605-19556,
202605,19559,8612230309834855,0.00,0.00,DEMO-SUB-202605-19559,
202605,19577,8611410722258355,1951.00,0.00,DEMO-SUB-202605-19577,
202605,19582,8646650768516104,766.00,0.00,DEMO-SUB-202605-19582,
202605,19590,3523081018217201,1240.00,0.00,DEMO-SUB-202605-19590,
202605,19594,8682940744787955,0.00,0.00,DEMO-SUB-202605-19594,
202605,19596,8672090813418955,1714.00,0.00,DEMO-SUB-202605-19596,
202605,19597,8682940752289355,1536.00,1536.00,DEMO-SUB-202605-19597,DEMO-PAY-202605-19597
202605,19598,8692900509562701,0.00,0.00,DEMO-SUB-202605-19598,
202605,19618,8696010502387500,969.00,0.00,DEMO-SUB-202605-19618,
202605,19622,8612230307242155,1968.00,1968.00,DEMO-SUB-202605-19622,DEMO-PAY-202605-19622
202605,19640,8663430621985306,1644.00,822.00,DEMO-SUB-202605-19640,DEMO-PAY-202605-19640
202605,19643,8682940751313655,0.00,0.00,DEMO-SUB-202605-19643,
202605,19646,8604910552622855,0.00,0.00,DEMO-SUB-202605-19646,
202605,19657,8609450634718255,0.00,0.00,DEMO-SUB-202605-19657,
202605,19658,8602320524414555,0.00,0.00,DEMO-SUB-202605-19658,
202605,19664,8609450621641355,1077.00,538.50,DEMO-SUB-202605-19664,DEMO-PAY-202605-19664
202605,19675,8626240510433801,1421.00,710.50,DEMO-SUB-202605-19675,DEMO-PAY-202605-19675
202605,19678,8609450616764455,976.00,488.00,DEMO-SUB-202605-19678,DEMO-PAY-202605-19678
202605,19686,8611410719367555,0.00,0.00,DEMO-SUB-202605-19686,
202605,19687,8611410731929655,0.00,0.00,DEMO-SUB-202605-19687,
202605,19692,8637030559040201,1839.00,1839.00,DEMO-SUB-202605-19692,DEMO-PAY-202605-19692
202605,19713,8609450617615555,413.00,206.50,DEMO-SUB-202605-19713,DEMO-PAY-202605-19713
202605,19716,8611410715469855,0.00,0.00,DEMO-SUB-202605-19716,
202605,19735,8672090812456255,780.00,0.00,DEMO-SUB-202605-19735,
202605,19755,8646650719142404,739.00,0.00,DEMO-SUB-202605-19755,
202605,19761,8609450637677755,1258.00,1258.00,DEMO-SUB-202605-19761,DEMO-PAY-202605-19761
202605,19782,8604910529781855,0.00,0.00,DEMO-SUB-202605-19782,
202605,19792,8679090701259601,1509.00,754.50,DEMO-SUB-202605-19792,DEMO-PAY-202605-19792
202605,19793,8609450643044655,0.00,0.00,DEMO-SUB-202605-19793,
202605,19793,8611410728301555,0.00,0.00,DEMO-SUB-202605-19793,
202605,19793,8682940751204455,1077.00,1077.00,DEMO-SUB-202605-19793,DEMO-PAY-202605-19793
202605,19793,8682940751204855,0.00,0.00,DEMO-SUB-202605-19793,
202605,19793,8682940751206455,0.00,0.00,DEMO-SUB-202605-19793,
202605,19796,8609450632279055,1194.00,597.00,DEMO-SUB-202605-19796,DEMO-PAY-202605-19796
202605,19796,8609450687386855,1686.00,843.00,DEMO-SUB-202605-19796,DEMO-PAY-202605-19796
202605,19808,8609450696324655,0.00,0.00,DEMO-SUB-202605-19808,
202605,19808,8615550687792904,0.00,0.00,DEMO-SUB-202605-19808,
202605,19809,8602320538722655,0.00,0.00,DEMO-SUB-202605-19809,
202605,19810,8646650712966404,1897.00,948.50,DEMO-SUB-202605-19810,DEMO-PAY-202605-19810
202605,19837,8609450637704855,1508.00,0.00,DEMO-SUB-202605-19837,
202605,19880,8612230304447855,1674.00,0.00,DEMO-SUB-202605-19880,
202605,19895,8602320573976755,1014.00,0.00,DEMO-SUB-202605-19895,
202605,19901,8609450643141155,1760.00,880.00,DEMO-SUB-202605-19901,DEMO-PAY-202605-19901
202605,19902,8602320528769455,1904.00,1904.00,DEMO-SUB-202605-19902,DEMO-PAY-202605-19902
202605,19903,8611630705175555,0.00,0.00,DEMO-SUB-202605-19903,
202605,19910,8602320572922255,845.00,0.00,DEMO-SUB-202605-19910,
202605,19915,8611410719086055,507.00,0.00,DEMO-SUB-202605-19915,
202605,19923,8602320564778055,0.00,0.00,DEMO-SUB-202605-19923,
202605,19948,8693380705577304,1904.00,1904.00,DEMO-SUB-202605-19948,DEMO-PAY-202605-19948
202605,19951,8646650712885604,1797.00,1797.00,DEMO-SUB-202605-19951,DEMO-PAY-202605-19951
202605,19958,8609450682947155,892.00,446.00,DEMO-SUB-202605-19958,DEMO-PAY-202605-19958
202605,19958,8611630702159455,1981.00,990.50,DEMO-SUB-202605-19958,DEMO-PAY-202605-19958
202605,19959,8611410727688955,0.00,0.00,DEMO-SUB-202605-19959,
202605,19960,8646650774625604,1745.00,872.50,DEMO-SUB-202605-19960,DEMO-PAY-202605-19960
202605,20031,8663430618962706,435.00,0.00,DEMO-SUB-202605-20031,
202605,206053,8612230311806255,1940.00,0.00,DEMO-SUB-202605-206053,
202605,206055,8611410719880955,398.00,0.00,DEMO-SUB-202605-206055,
202605,206055,8672090804103055,913.00,0.00,DEMO-SUB-202605-206055,
202605,21247,8609450682734855,674.00,674.00,DEMO-SUB-202605-21247,DEMO-PAY-202605-21247
202605,21247,8663430614852155,0.00,0.00,DEMO-SUB-202605-21247,
202605,21276,8611410732168355,1504.00,0.00,DEMO-SUB-202605-21276,
202605,213043,8672090804797155,1941.00,0.00,DEMO-SUB-202605-213043,
202605,223046,8602320556934855,1778.00,1778.00,DEMO-SUB-202605-223046,DEMO-PAY-202605-223046
202605,223046,8663430622099755,0.00,0.00,DEMO-SUB-202605-223046,
202605,239048,8663030307489455,1113.00,556.50,DEMO-SUB-202605-239048,DEMO-PAY-202605-239048
202605,253047,8612230312003955,1562.00,781.00,DEMO-SUB-202605-253047,DEMO-PAY-202605-253047
202605,254048,8611630706149155,0.00,0.00,DEMO-SUB-202605-254048,
202605,255074,8612230312099055,711.00,0.00,DEMO-SUB-202605-255074,
202605,257067,8611410714376255,0.00,0.00,DEMO-SUB-202605-257067,
202605,257067,8626240521964201,0.00,0.00,DEMO-SUB-202605-257067,
202605,26034,8679090702343601,1861.00,1861.00,DEMO-SUB-202605-26034,DEMO-PAY-202605-26034
202605,26036,8612230303362755,890.00,890.00,DEMO-SUB-202605-26036,DEMO-PAY-202605-26036
202605,265053,8611410727356455,0.00,0.00,DEMO-SUB-202605-265053,
202605,265054,8646650712819204,418.00,0.00,DEMO-SUB-202605-265054,
202605,265054,8682940751901555,0.00,0.00,DEMO-SUB-202605-265054,
202605,275053,8626240521910601,748.00,374.00,DEMO-SUB-202605-275053,DEMO-PAY-202605-275053
202605,294071,8609450686437355,721.00,0.00,DEMO-SUB-202605-294071,
202605,294071,8646650775147504,0.00,0.00,DEMO-SUB-202605-294071,
202605,295082,8609450682346155,477.00,477.00,DEMO-SUB-202605-295082,DEMO-PAY-202605-295082
202605,296065,8611410713497455,1792.00,896.00,DEMO-SUB-202605-296065,DEMO-PAY-202605-296065
202605,296065,8611410730623455,1917.00,958.50,DEMO-SUB-202605-296065,DEMO-PAY-202605-296065
202605,296076,8612230310848755,675.00,0.00,DEMO-SUB-202605-296076,
202605,310070,8646650712815404,0.00,0.00,DEMO-SUB-202605-310070,
202605,311068,8611410711987155,0.00,0.00,DEMO-SUB-202605-311068,
202605,311077,8602320585145855,0.00,0.00,DEMO-SUB-202605-311077,
202605,319058,8611410724718055,0.00,0.00,DEMO-SUB-202605-319058,
202605,332062,8623780605529001,1769.00,1769.00,DEMO-SUB-202605-332062,DEMO-PAY-202605-332062
202605,332069,8672090801363455,0.00,0.00,DEMO-SUB-202605-332069,
202605,333070,8609450686750955,1036.00,0.00,DEMO-SUB-202605-333070,
202605,336060,8609450684872855,1822.00,911.00,DEMO-SUB-202605-336060,DEMO-PAY-202605-336060
202605,337088,8646650773122304,1765.00,0.00,DEMO-SUB-202605-337088,
202605,347062,8609450692688555,1596.00,1596.00,DEMO-SUB-202605-347062,DEMO-PAY-202605-347062
202605,347066,8609450676746255,295.00,295.00,DEMO-SUB-202605-347066,DEMO-PAY-202605-347066
202605,349067,8611410733204555,1267.00,0.00,DEMO-SUB-202605-349067,
202605,349067,8612230311639055,1429.00,0.00,DEMO-SUB-202605-349067,
202605,349071,8663030306273455,758.00,758.00,DEMO-SUB-202605-349071,DEMO-PAY-202605-349071
202605,349076,8682940743560255,392.00,196.00,DEMO-SUB-202605-349076,DEMO-PAY-202605-349076
202605,350060,8609450690476255,575.00,0.00,DEMO-SUB-202605-350060,
202605,350061,8682940745942255,0.00,0.00,DEMO-SUB-202605-350061,
202605,350068,8609450675071855,0.00,0.00,DEMO-SUB-202605-350068,
202605,353061,8611410722813055,392.00,0.00,DEMO-SUB-202605-353061,
202605,353061,8611410732815955,344.00,0.00,DEMO-SUB-202605-353061,
202605,357098,8699900613367201,1801.00,0.00,DEMO-SUB-202605-357098,
202605,367077,8672090807781755,1528.00,1528.00,DEMO-SUB-202605-367077,DEMO-PAY-202605-367077
202605,379092,8672090814548755,1484.00,1484.00,DEMO-SUB-202605-379092,DEMO-PAY-202605-379092
202605,400090,8646650774773604,1103.00,0.00,DEMO-SUB-202605-400090,
202605,45024,8602320524380855,1053.00,0.00,DEMO-SUB-202605-45024,
202605,50046,8609450607755555,1121.00,560.50,DEMO-SUB-202605-50046,DEMO-PAY-202605-50046
202605,50046,8611410712705855,0.00,0.00,DEMO-SUB-202605-50046,
202605,54253,8693380705204904,0.00,0.00,DEMO-SUB-202605-54253,
202605,60025,8609450641058155,268.00,268.00,DEMO-SUB-202605-60025,DEMO-PAY-202605-60025
202605,68028,8602320589592455,813.00,0.00,DEMO-SUB-202605-68028,
202605,68028,8615550680535904,678.00,0.00,DEMO-SUB-202605-68028,
202605,71031,8602320515593955,1038.00,0.00,DEMO-SUB-202605-71031,
202605,73037,8602320538656955,1028.00,514.00,DEMO-SUB-202605-73037,DEMO-PAY-202605-73037
202605,74049,8609450626894755,1145.00,1145.00,DEMO-SUB-202605-74049,DEMO-PAY-202605-74049
202605,74049,8609450676122855,122.00,122.00,DEMO-SUB-202605-74049,DEMO-PAY-202605-74049
202605,74049,8609450686223755,1907.00,1907.00,DEMO-SUB-202605-74049,DEMO-PAY-202605-74049
202605,74050,8628520701974255,0.00,0.00,DEMO-SUB-202605-74050,
202605,74050,8646650712548755,468.00,234.00,DEMO-SUB-202605-74050,DEMO-PAY-202605-74050
202605,74052,8609450628917555,1160.00,0.00,DEMO-SUB-202605-74052,
202605,74054,8611410721422855,355.00,177.50,DEMO-SUB-202605-74054,DEMO-PAY-202605-74054
202605,78073,8604910552719555,0.00,0.00,DEMO-SUB-202605-78073,
202605,78074,8612230307260455,0.00,0.00,DEMO-SUB-202605-78074,
202605,83034,8611410725925655,843.00,0.00,DEMO-SUB-202605-83034,
202605,88031,8602320575749655,694.00,347.00,DEMO-SUB-202605-88031,DEMO-PAY-202605-88031
202605,88031,8609450631830855,1435.00,717.50,DEMO-SUB-202605-88031,DEMO-PAY-202605-88031
202605,90031,8602320537897555,0.00,0.00,DEMO-SUB-202605-90031,
202605,90031,8611410713680955,0.00,0.00,DEMO-SUB-202605-90031,
202605,90032,8646650709585904,0.00,0.00,DEMO-SUB-202605-90032,
202605,95037,8611410722680155,0.00,0.00,DEMO-SUB-202605-95037,
202605,95039,8604910557226555,259.00,259.00,DEMO-SUB-202605-95039,DEMO-PAY-202605-95039
202605,95039,8611410724188855,0.00,0.00,DEMO-SUB-202605-95039,
202605,97095,8602320576853055,0.00,0.00,DEMO-SUB-202605-97095,
202605,97095,8646650720006504,105.00,52.50,DEMO-SUB-202605-97095,DEMO-PAY-202605-97095
202605,98052,8611410720641555,937.00,468.50,DEMO-SUB-202605-98052,DEMO-PAY-202605-98052
202605,98052,8611410730319655,391.00,195.50,DEMO-SUB-202605-98052,DEMO-PAY-202605-98052
202605,98052,8611410730579755,207.00,103.50,DEMO-SUB-202605-98052,DEMO-PAY-202605-98052
202605,98052,8679090700461901,279.00,139.50,DEMO-SUB-202605-98052,DEMO-PAY-202605-98052
202605,98053,8602320571971555,527.00,0.00,DEMO-SUB-202605-98053,
202605,98053,8609450621986955,508.00,0.00,DEMO-SUB-202605-98053,
202605,98053,8663430619774755,1248.00,0.00,DEMO-SUB-202605-98053,
202605,98053,8682940752714555,1068.00,0.00,DEMO-SUB-202605-98053,
202606,107037,8623780604759101,1079.00,539.50,DEMO-SUB-202606-107037,DEMO-PAY-202606-107037
202606,110035,8678730700887706,781.00,390.50,DEMO-SUB-202606-110035,DEMO-PAY-202606-110035
202606,115058,8602320576734955,346.00,0.00,DEMO-SUB-202606-115058,
202606,121038,8609450675016955,0.00,0.00,DEMO-SUB-202606-121038,
202606,121038,8626240509929701,1972.00,986.00,DEMO-SUB-202606-121038,DEMO-PAY-202606-121038
202606,121038,8663430627181406,0.00,0.00,DEMO-SUB-202606-121038,
202606,121038,8696010505577600,0.00,0.00,DEMO-SUB-202606-121038,
202606,130061,8602320542379855,0.00,0.00,DEMO-SUB-202606-130061,
202606,148031,8624440704711500,0.00,0.00,DEMO-SUB-202606-148031,
202606,159043,8682940743802855,1443.00,1443.00,DEMO-SUB-202606-159043,DEMO-PAY-202606-159043
202606,19327,8602320576662955,1977.00,988.50,DEMO-SUB-202606-19327,DEMO-PAY-202606-19327
202606,19327,8672090813409155,647.00,323.50,DEMO-SUB-202606-19327,DEMO-PAY-202606-19327
202606,19343,8663430622351306,0.00,0.00,DEMO-SUB-202606-19343,
202606,19345,8609450613495655,1291.00,0.00,DEMO-SUB-202606-19345,
202606,19345,8672090814005255,1561.00,0.00,DEMO-SUB-202606-19345,
202606,19347,8611410727176155,1245.00,0.00,DEMO-SUB-202606-19347,
202606,19357,8609450617921055,689.00,0.00,DEMO-SUB-202606-19357,
202606,19357,8609450692918855,0.00,0.00,DEMO-SUB-202606-19357,
202606,19369,8663030307086855,0.00,0.00,DEMO-SUB-202606-19369,
202606,19386,8602320564286255,969.00,0.00,DEMO-SUB-202606-19386,
202606,19389,8699900613560901,1208.00,0.00,DEMO-SUB-202606-19389,
202606,19392,8626240510528001,0.00,0.00,DEMO-SUB-202606-19392,
202606,19392,8682940745173955,539.00,269.50,DEMO-SUB-202606-19392,DEMO-PAY-202606-19392
202606,19394,8602320505859555,1157.00,578.50,DEMO-SUB-202606-19394,DEMO-PAY-202606-19394
202606,19410,8696010508902400,0.00,0.00,DEMO-SUB-202606-19410,
202606,19411,8609450615838255,0.00,0.00,DEMO-SUB-202606-19411,
202606,19420,8672090808442055,732.00,0.00,DEMO-SUB-202606-19420,
202606,19424,8602320537705855,0.00,0.00,DEMO-SUB-202606-19424,
202606,19424,8626240515090901,1655.00,0.00,DEMO-SUB-202606-19424,
202606,19427,8628520705950955,783.00,391.50,DEMO-SUB-202606-19427,DEMO-PAY-202606-19427
202606,19437,8672090808112955,692.00,346.00,DEMO-SUB-202606-19437,DEMO-PAY-202606-19437
202606,19437,8693380714406304,0.00,0.00,DEMO-SUB-202606-19437,
202606,19448,8602320545916855,0.00,0.00,DEMO-SUB-202606-19448,
202606,19448,8602320566045155,894.00,0.00,DEMO-SUB-202606-19448,
202606,19462,8602320554551455,0.00,0.00,DEMO-SUB-202606-19462,
202606,19469,8602320543303555,1383.00,1383.00,DEMO-SUB-202606-19469,DEMO-PAY-202606-19469
202606,19469,8609450694455855,272.00,272.00,DEMO-SUB-202606-19469,DEMO-PAY-202606-19469
202606,19472,8626240514961001,0.00,0.00,DEMO-SUB-202606-19472,
202606,19473,8637030556060201,0.00,0.00,DEMO-SUB-202606-19473,
202606,19477,8672090804527255,910.00,455.00,DEMO-SUB-202606-19477,DEMO-PAY-202606-19477
202606,19484,8609450611220555,0.00,0.00,DEMO-SUB-202606-19484,
202606,19488,8602320563769555,721.00,360.50,DEMO-SUB-202606-19488,DEMO-PAY-202606-19488
202606,19492,8637030578248155,193.00,193.00,DEMO-SUB-202606-19492,DEMO-PAY-202606-19492
202606,19501,8602320553556755,1948.00,1948.00,DEMO-SUB-202606-19501,DEMO-PAY-202606-19501
202606,19502,8604910529157155,1516.00,758.00,DEMO-SUB-202606-19502,DEMO-PAY-202606-19502
202606,19504,8672090804475655,1149.00,574.50,DEMO-SUB-202606-19504,DEMO-PAY-202606-19504
202606,19505,8672090803199955,985.00,985.00,DEMO-SUB-202606-19505,DEMO-PAY-202606-19505
202606,19516,8604910553872955,0.00,0.00,DEMO-SUB-202606-19516,
202606,19517,8646650709419804,1826.00,913.00,DEMO-SUB-202606-19517,DEMO-PAY-202606-19517
202606,19518,8602320555448355,1597.00,0.00,DEMO-SUB-202606-19518,
202606,19533,8672090813895155,650.00,650.00,DEMO-SUB-202606-19533,DEMO-PAY-202606-19533
202606,19537,8612230312232955,0.00,0.00,DEMO-SUB-202606-19537,
202606,19549,8602320545631655,697.00,697.00,DEMO-SUB-202606-19549,DEMO-PAY-202606-19549
202606,19554,8609450685802155,1552.00,1552.00,DEMO-SUB-202606-19554,DEMO-PAY-202606-19554
202606,19554,8663430620500806,0.00,0.00,DEMO-SUB-202606-19554,
202606,19555,8672090806302855,310.00,0.00,DEMO-SUB-202606-19555,
202606,19556,8611410719675555,0.00,0.00,DEMO-SUB-202606-19556,
202606,19559,8612230309834855,0.00,0.00,DEMO-SUB-202606-19559,
202606,19577,8611410722258355,899.00,0.00,DEMO-SUB-202606-19577,
202606,19582,8646650768516104,296.00,0.00,DEMO-SUB-202606-19582,
202606,19590,3523081018217201,1688.00,1688.00,DEMO-SUB-202606-19590,DEMO-PAY-202606-19590
202606,19594,8682940744787955,0.00,0.00,DEMO-SUB-202606-19594,
202606,19596,8672090813418955,330.00,330.00,DEMO-SUB-202606-19596,DEMO-PAY-202606-19596
202606,19597,8682940752289355,1005.00,1005.00,DEMO-SUB-202606-19597,DEMO-PAY-202606-19597
202606,19598,8692900509562701,0.00,0.00,DEMO-SUB-202606-19598,
202606,19618,8696010502387500,650.00,325.00,DEMO-SUB-202606-19618,DEMO-PAY-202606-19618
202606,19622,8612230307242155,537.00,0.00,DEMO-SUB-202606-19622,
202606,19640,8663430621985306,568.00,0.00,DEMO-SUB-202606-19640,
202606,19643,8682940751313655,0.00,0.00,DEMO-SUB-202606-19643,
202606,19646,8604910552622855,0.00,0.00,DEMO-SUB-202606-19646,
202606,19657,8609450634718255,0.00,0.00,DEMO-SUB-202606-19657,
202606,19658,8602320524414555,0.00,0.00,DEMO-SUB-202606-19658,
202606,19664,8609450621641355,268.00,268.00,DEMO-SUB-202606-19664,DEMO-PAY-202606-19664
202606,19675,8626240510433801,754.00,0.00,DEMO-SUB-202606-19675,
202606,19678,8609450616764455,577.00,288.50,DEMO-SUB-202606-19678,DEMO-PAY-202606-19678
202606,19686,8611410719367555,0.00,0.00,DEMO-SUB-202606-19686,
202606,19687,8611410731929655,0.00,0.00,DEMO-SUB-202606-19687,
202606,19692,8637030559040201,701.00,350.50,DEMO-SUB-202606-19692,DEMO-PAY-202606-19692
202606,19713,8609450617615555,1558.00,1558.00,DEMO-SUB-202606-19713,DEMO-PAY-202606-19713
202606,19716,8611410715469855,0.00,0.00,DEMO-SUB-202606-19716,
202606,19735,8672090812456255,905.00,905.00,DEMO-SUB-202606-19735,DEMO-PAY-202606-19735
202606,19755,8646650719142404,1746.00,1746.00,DEMO-SUB-202606-19755,DEMO-PAY-202606-19755
202606,19761,8609450637677755,1530.00,1530.00,DEMO-SUB-202606-19761,DEMO-PAY-202606-19761
202606,19782,8604910529781855,0.00,0.00,DEMO-SUB-202606-19782,
202606,19792,8679090701259601,772.00,386.00,DEMO-SUB-202606-19792,DEMO-PAY-202606-19792
202606,19793,8609450643044655,0.00,0.00,DEMO-SUB-202606-19793,
202606,19793,8611410728301555,0.00,0.00,DEMO-SUB-202606-19793,
202606,19793,8682940751204455,675.00,675.00,DEMO-SUB-202606-19793,DEMO-PAY-202606-19793
202606,19793,8682940751204855,0.00,0.00,DEMO-SUB-202606-19793,
202606,19793,8682940751206455,0.00,0.00,DEMO-SUB-202606-19793,
202606,19796,8609450632279055,622.00,0.00,DEMO-SUB-202606-19796,
202606,19796,8609450687386855,1297.00,0.00,DEMO-SUB-202606-19796,
202606,19808,8609450696324655,0.00,0.00,DEMO-SUB-202606-19808,
202606,19808,8615550687792904,0.00,0.00,DEMO-SUB-202606-19808,
202606,19809,8602320538722655,0.00,0.00,DEMO-SUB-202606-19809,
202606,19810,8646650712966404,462.00,231.00,DEMO-SUB-202606-19810,DEMO-PAY-202606-19810
202606,19837,8609450637704855,1843.00,921.50,DEMO-SUB-202606-19837,DEMO-PAY-202606-19837
202606,19880,8612230304447855,731.00,0.00,DEMO-SUB-202606-19880,
202606,19895,8602320573976755,1391.00,0.00,DEMO-SUB-202606-19895,
202606,19901,8609450643141155,693.00,693.00,DEMO-SUB-202606-19901,DEMO-PAY-202606-19901
202606,19902,8602320528769455,1585.00,792.50,DEMO-SUB-202606-19902,DEMO-PAY-202606-19902
202606,19903,8611630705175555,0.00,0.00,DEMO-SUB-202606-19903,
202606,19910,8602320572922255,892.00,0.00,DEMO-SUB-202606-19910,
202606,19915,8611410719086055,1507.00,0.00,DEMO-SUB-202606-19915,
202606,19923,8602320564778055,0.00,0.00,DEMO-SUB-202606-19923,
202606,19948,8693380705577304,1536.00,768.00,DEMO-SUB-202606-19948,DEMO-PAY-202606-19948
202606,19951,8646650712885604,1811.00,905.50,DEMO-SUB-202606-19951,DEMO-PAY-202606-19951
202606,19958,8609450682947155,1283.00,1283.00,DEMO-SUB-202606-19958,DEMO-PAY-202606-19958
202606,19958,8611630702159455,965.00,965.00,DEMO-SUB-202606-19958,DEMO-PAY-202606-19958
202606,19959,8611410727688955,0.00,0.00,DEMO-SUB-202606-19959,
202606,19960,8646650774625604,1806.00,903.00,DEMO-SUB-202606-19960,DEMO-PAY-202606-19960
202606,20031,8663430618962706,559.00,559.00,DEMO-SUB-202606-20031,DEMO-PAY-202606-20031
202606,206053,8612230311806255,1344.00,672.00,DEMO-SUB-202606-206053,DEMO-PAY-202606-206053
202606,206055,8611410719880955,364.00,364.00,DEMO-SUB-202606-206055,DEMO-PAY-202606-206055
202606,206055,8672090804103055,1001.00,1001.00,DEMO-SUB-202606-206055,DEMO-PAY-202606-206055
202606,21247,8609450682734855,1273.00,636.50,DEMO-SUB-202606-21247,DEMO-PAY-202606-21247
202606,21247,8663430614852155,0.00,0.00,DEMO-SUB-202606-21247,
202606,21276,8611410732168355,912.00,456.00,DEMO-SUB-202606-21276,DEMO-PAY-202606-21276
202606,213043,8672090804797155,1197.00,1197.00,DEMO-SUB-202606-213043,DEMO-PAY-202606-213043
202606,223046,8602320556934855,1807.00,0.00,DEMO-SUB-202606-223046,
202606,223046,8663430622099755,0.00,0.00,DEMO-SUB-202606-223046,
202606,239048,8663030307489455,747.00,747.00,DEMO-SUB-202606-239048,DEMO-PAY-202606-239048
202606,253047,8612230312003955,1293.00,1293.00,DEMO-SUB-202606-253047,DEMO-PAY-202606-253047
202606,254048,8611630706149155,0.00,0.00,DEMO-SUB-202606-254048,
202606,255074,8612230312099055,326.00,0.00,DEMO-SUB-202606-255074,
202606,257067,8611410714376255,0.00,0.00,DEMO-SUB-202606-257067,
202606,257067,8626240521964201,0.00,0.00,DEMO-SUB-202606-257067,
202606,26034,8679090702343601,1364.00,0.00,DEMO-SUB-202606-26034,
202606,26036,8612230303362755,641.00,641.00,DEMO-SUB-202606-26036,DEMO-PAY-202606-26036
202606,265053,8611410727356455,0.00,0.00,DEMO-SUB-202606-265053,
202606,265054,8646650712819204,280.00,280.00,DEMO-SUB-202606-265054,DEMO-PAY-202606-265054
202606,265054,8682940751901555,0.00,0.00,DEMO-SUB-202606-265054,
202606,275053,8626240521910601,1965.00,0.00,DEMO-SUB-202606-275053,
202606,294071,8609450686437355,366.00,366.00,DEMO-SUB-202606-294071,DEMO-PAY-202606-294071
202606,294071,8646650775147504,0.00,0.00,DEMO-SUB-202606-294071,
202606,295082,8609450682346155,1910.00,955.00,DEMO-SUB-202606-295082,DEMO-PAY-202606-295082
202606,296065,8611410713497455,1129.00,564.50,DEMO-SUB-202606-296065,DEMO-PAY-202606-296065
202606,296065,8611410730623455,1921.00,960.50,DEMO-SUB-202606-296065,DEMO-PAY-202606-296065
202606,296076,8612230310848755,346.00,173.00,DEMO-SUB-202606-296076,DEMO-PAY-202606-296076
202606,310070,8646650712815404,0.00,0.00,DEMO-SUB-202606-310070,
202606,311068,8611410711987155,0.00,0.00,DEMO-SUB-202606-311068,
202606,311077,8602320585145855,0.00,0.00,DEMO-SUB-202606-311077,
202606,319058,8611410724718055,0.00,0.00,DEMO-SUB-202606-319058,
202606,332062,8623780605529001,1772.00,886.00,DEMO-SUB-202606-332062,DEMO-PAY-202606-332062
202606,332069,8672090801363455,0.00,0.00,DEMO-SUB-202606-332069,
202606,333070,8609450686750955,1084.00,0.00,DEMO-SUB-202606-333070,
202606,336060,8609450684872855,358.00,179.00,DEMO-SUB-202606-336060,DEMO-PAY-202606-336060
202606,337088,8646650773122304,1345.00,672.50,DEMO-SUB-202606-337088,DEMO-PAY-202606-337088
202606,347062,8609450692688555,432.00,216.00,DEMO-SUB-202606-347062,DEMO-PAY-202606-347062
202606,347066,8609450676746255,712.00,0.00,DEMO-SUB-202606-347066,
202606,349067,8611410733204555,1036.00,0.00,DEMO-SUB-202606-349067,
202606,349067,8612230311639055,1094.00,0.00,DEMO-SUB-202606-349067,
202606,349071,8663030306273455,619.00,619.00,DEMO-SUB-202606-349071,DEMO-PAY-202606-349071
202606,349076,8682940743560255,288.00,0.00,DEMO-SUB-202606-349076,
202606,350060,8609450690476255,603.00,301.50,DEMO-SUB-202606-350060,DEMO-PAY-202606-350060
202606,350061,8682940745942255,0.00,0.00,DEMO-SUB-202606-350061,
202606,350068,8609450675071855,0.00,0.00,DEMO-SUB-202606-350068,
202606,353061,8611410722813055,410.00,410.00,DEMO-SUB-202606-353061,DEMO-PAY-202606-353061
202606,353061,8611410732815955,1110.00,1110.00,DEMO-SUB-202606-353061,DEMO-PAY-202606-353061
202606,357098,8699900613367201,883.00,883.00,DEMO-SUB-202606-357098,DEMO-PAY-202606-357098
202606,367077,8672090807781755,928.00,928.00,DEMO-SUB-202606-367077,DEMO-PAY-202606-367077
202606,379092,8672090814548755,1512.00,1512.00,DEMO-SUB-202606-379092,DEMO-PAY-202606-379092
202606,400090,8646650774773604,296.00,296.00,DEMO-SUB-202606-400090,DEMO-PAY-202606-400090
202606,45024,8602320524380855,1171.00,585.50,DEMO-SUB-202606-45024,DEMO-PAY-202606-45024
202606,50046,8609450607755555,759.00,0.00,DEMO-SUB-202606-50046,
202606,50046,8611410712705855,0.00,0.00,DEMO-SUB-202606-50046,
202606,54253,8693380705204904,0.00,0.00,DEMO-SUB-202606-54253,
202606,60025,8609450641058155,1203.00,601.50,DEMO-SUB-202606-60025,DEMO-PAY-202606-60025
202606,68028,8602320589592455,273.00,0.00,DEMO-SUB-202606-68028,
202606,68028,8615550680535904,1572.00,0.00,DEMO-SUB-202606-68028,
202606,71031,8602320515593955,1197.00,1197.00,DEMO-SUB-202606-71031,DEMO-PAY-202606-71031
202606,73037,8602320538656955,839.00,839.00,DEMO-SUB-202606-73037,DEMO-PAY-202606-73037
202606,74049,8609450626894755,397.00,0.00,DEMO-SUB-202606-74049,
202606,74049,8609450676122855,127.00,0.00,DEMO-SUB-202606-74049,
202606,74049,8609450686223755,375.00,0.00,DEMO-SUB-202606-74049,
202606,74050,8628520701974255,0.00,0.00,DEMO-SUB-202606-74050,
202606,74050,8646650712548755,1518.00,0.00,DEMO-SUB-202606-74050,
202606,74052,8609450628917555,1730.00,0.00,DEMO-SUB-202606-74052,
202606,74054,8611410721422855,484.00,484.00,DEMO-SUB-202606-74054,DEMO-PAY-202606-74054
202606,78073,8604910552719555,0.00,0.00,DEMO-SUB-202606-78073,
202606,78074,8612230307260455,0.00,0.00,DEMO-SUB-202606-78074,
202606,83034,8611410725925655,1363.00,1363.00,DEMO-SUB-202606-83034,DEMO-PAY-202606-83034
202606,88031,8602320575749655,1070.00,1070.00,DEMO-SUB-202606-88031,DEMO-PAY-202606-88031
202606,88031,8609450631830855,986.00,986.00,DEMO-SUB-202606-88031,DEMO-PAY-202606-88031
202606,90031,8602320537897555,0.00,0.00,DEMO-SUB-202606-90031,
202606,90031,8611410713680955,0.00,0.00,DEMO-SUB-202606-90031,
202606,90032,8646650709585904,0.00,0.00,DEMO-SUB-202606-90032,
202606,95037,8611410722680155,0.00,0.00,DEMO-SUB-202606-95037,
202606,95039,8604910557226555,1426.00,0.00,DEMO-SUB-202606-95039,
202606,95039,8611410724188855,0.00,0.00,DEMO-SUB-202606-95039,
202606,97095,8602320576853055,0.00,0.00,DEMO-SUB-202606-97095,
202606,97095,8646650720006504,110.00,110.00,DEMO-SUB-202606-97095,DEMO-PAY-202606-97095
202606,98052,8611410720641555,1048.00,0.00,DEMO-SUB-202606-98052,
202606,98052,8611410730319655,1864.00,0.00,DEMO-SUB-202606-98052,
202606,98052,8611410730579755,217.00,0.00,DEMO-SUB-202606-98052,
202606,98052,8679090700461901,1370.00,0.00,DEMO-SUB-202606-98052,
202606,98053,8602320571971555,1092.00,0.00,DEMO-SUB-202606-98053,
202606,98053,8609450621986955,1283.00,0.00,DEMO-SUB-202606-98053,
202606,98053,8663430619774755,676.00,0.00,DEMO-SUB-202606-98053,
202606,98053,8682940752714555,1799.00,0.00,DEMO-SUB-202606-98053,
